This is pdfTeX, Version 3.141592653-2.6-1.40.27 (MiKTeX 25.3) (preloaded format=pdflatex 2025.3.16)  1 JUL 2025 13:15
entering extended mode
 restricted \write18 enabled.
 %&-line parsing enabled.
**"./Omejeni linearni operatorji na Hilbertovih prostorih.tex"
(Omejeni linearni operatorji na Hilbertovih prostorih.tex
LaTeX2e <2024-11-01> patch level 2
L3 programming layer <2025-01-18>
(C:\Users\Uporabnik\AppData\Local\Programs\MiKTeX\tex/latex/base\book.cls
Document Class: book 2024/06/29 v1.4n Standard LaTeX document class
(C:\Users\Uporabnik\AppData\Local\Programs\MiKTeX\tex/latex/base\fleqn.clo
File: fleqn.clo 2016/12/29 v1.2b Standard LaTeX option (flush left equations)
\mathindent=\skip49
Applying: [2015/01/01] Make \[ robust on input line 50.
LaTeX Info: Redefining \[ on input line 51.
Already applied: [0000/00/00] Make \[ robust on input line 62.
Applying: [2015/01/01] Make \] robust on input line 74.
LaTeX Info: Redefining \] on input line 75.
Already applied: [0000/00/00] Make \] robust on input line 83.
)
(C:\Users\Uporabnik\AppData\Local\Programs\MiKTeX\tex/latex/base\bk12.clo
File: bk12.clo 2024/06/29 v1.4n Standard LaTeX file (size option)
)
\c@part=\count196
\c@chapter=\count197
\c@section=\count198
\c@subsection=\count199
\c@subsubsection=\count266
\c@paragraph=\count267
\c@subparagraph=\count268
\c@figure=\count269
\c@table=\count270
\abovecaptionskip=\skip50
\belowcaptionskip=\skip51
\bibindent=\dimen141
)
(C:\Users\Uporabnik\AppData\Local\Programs\MiKTeX\tex/latex/amsfonts\amsfonts.s
ty
Package: amsfonts 2013/01/14 v3.01 Basic AMSFonts support
\@emptytoks=\toks17
\symAMSa=\mathgroup4
\symAMSb=\mathgroup5
LaTeX Font Info:    Redeclaring math symbol \hbar on input line 98.
LaTeX Font Info:    Overwriting math alphabet `\mathfrak' in version `bold'
(Font)                  U/euf/m/n --> U/euf/b/n on input line 106.
)
(C:\Users\Uporabnik\AppData\Local\Programs\MiKTeX\tex/generic/babel\babel.sty
Package: babel 2025/02/14 v25.4 The multilingual framework for pdfLaTeX, LuaLaT
eX and XeLaTeX
\babel@savecnt=\count271
\U@D=\dimen142
\l@unhyphenated=\language79

(C:\Users\Uporabnik\AppData\Local\Programs\MiKTeX\tex/generic/babel\txtbabel.de
f)
\bbl@readstream=\read2
\bbl@dirlevel=\count272

*************************************
* Local config file bblopts.cfg used
*
(C:\Users\Uporabnik\AppData\Local\Programs\MiKTeX\tex/latex/arabi\bblopts.cfg
File: bblopts.cfg 2005/09/08 v0.1 add Arabic and Farsi to "declared" options of
 babel
)
(C:\Users\Uporabnik\AppData\Local\Programs\MiKTeX\tex/latex/babel-slovenian\slo
vene.ldf
Language: slovene 2021/02/06 v1.2n Slovene support from the babel system
Package babel Info: Making " an active character on input line 79.
))
(C:\Users\Uporabnik\AppData\Local\Programs\MiKTeX\tex/generic/babel/locale/sl\b
abel-slovene.tex
Package babel Info: Importing font and identification data for slovene
(babel)             from babel-sl.ini. Reported on input line 11.
)
(C:\Users\Uporabnik\AppData\Local\Programs\MiKTeX\tex/latex/base\inputenc.sty
Package: inputenc 2024/02/08 v1.3d Input encoding file
\inpenc@prehook=\toks18
\inpenc@posthook=\toks19
)
(C:\Users\Uporabnik\AppData\Local\Programs\MiKTeX\tex/latex/lm\lmodern.sty
Package: lmodern 2015/05/01 v1.6.1 Latin Modern Fonts
LaTeX Font Info:    Overwriting symbol font `operators' in version `normal'
(Font)                  OT1/cmr/m/n --> OT1/lmr/m/n on input line 22.
LaTeX Font Info:    Overwriting symbol font `letters' in version `normal'
(Font)                  OML/cmm/m/it --> OML/lmm/m/it on input line 23.
LaTeX Font Info:    Overwriting symbol font `symbols' in version `normal'
(Font)                  OMS/cmsy/m/n --> OMS/lmsy/m/n on input line 24.
LaTeX Font Info:    Overwriting symbol font `largesymbols' in version `normal'
(Font)                  OMX/cmex/m/n --> OMX/lmex/m/n on input line 25.
LaTeX Font Info:    Overwriting symbol font `operators' in version `bold'
(Font)                  OT1/cmr/bx/n --> OT1/lmr/bx/n on input line 26.
LaTeX Font Info:    Overwriting symbol font `letters' in version `bold'
(Font)                  OML/cmm/b/it --> OML/lmm/b/it on input line 27.
LaTeX Font Info:    Overwriting symbol font `symbols' in version `bold'
(Font)                  OMS/cmsy/b/n --> OMS/lmsy/b/n on input line 28.
LaTeX Font Info:    Overwriting symbol font `largesymbols' in version `bold'
(Font)                  OMX/cmex/m/n --> OMX/lmex/m/n on input line 29.
LaTeX Font Info:    Overwriting math alphabet `\mathbf' in version `normal'
(Font)                  OT1/cmr/bx/n --> OT1/lmr/bx/n on input line 31.
LaTeX Font Info:    Overwriting math alphabet `\mathsf' in version `normal'
(Font)                  OT1/cmss/m/n --> OT1/lmss/m/n on input line 32.
LaTeX Font Info:    Overwriting math alphabet `\mathit' in version `normal'
(Font)                  OT1/cmr/m/it --> OT1/lmr/m/it on input line 33.
LaTeX Font Info:    Overwriting math alphabet `\mathtt' in version `normal'
(Font)                  OT1/cmtt/m/n --> OT1/lmtt/m/n on input line 34.
LaTeX Font Info:    Overwriting math alphabet `\mathbf' in version `bold'
(Font)                  OT1/cmr/bx/n --> OT1/lmr/bx/n on input line 35.
LaTeX Font Info:    Overwriting math alphabet `\mathsf' in version `bold'
(Font)                  OT1/cmss/bx/n --> OT1/lmss/bx/n on input line 36.
LaTeX Font Info:    Overwriting math alphabet `\mathit' in version `bold'
(Font)                  OT1/cmr/bx/it --> OT1/lmr/bx/it on input line 37.
LaTeX Font Info:    Overwriting math alphabet `\mathtt' in version `bold'
(Font)                  OT1/cmtt/m/n --> OT1/lmtt/m/n on input line 38.
)
(C:\Users\Uporabnik\AppData\Local\Programs\MiKTeX\tex/latex/tools\longtable.sty
Package: longtable 2024-10-27 v4.22 Multi-page Table package (DPC)
\LTleft=\skip52
\LTright=\skip53
\LTpre=\skip54
\LTpost=\skip55
\LTchunksize=\count273
\LTcapwidth=\dimen143
\LT@head=\box52
\LT@firsthead=\box53
\LT@foot=\box54
\LT@lastfoot=\box55
\LT@gbox=\box56
\LT@cols=\count274
\LT@rows=\count275
\c@LT@tables=\count276
\c@LT@chunks=\count277
\LT@p@ftn=\toks20
)
(C:\Users\Uporabnik\AppData\Local\Programs\MiKTeX\tex/latex/graphics\graphicx.s
ty
Package: graphicx 2021/09/16 v1.2d Enhanced LaTeX Graphics (DPC,SPQR)

(C:\Users\Uporabnik\AppData\Local\Programs\MiKTeX\tex/latex/graphics\keyval.sty
Package: keyval 2022/05/29 v1.15 key=value parser (DPC)
\KV@toks@=\toks21
)
(C:\Users\Uporabnik\AppData\Local\Programs\MiKTeX\tex/latex/graphics\graphics.s
ty
Package: graphics 2024/08/06 v1.4g Standard LaTeX Graphics (DPC,SPQR)

(C:\Users\Uporabnik\AppData\Local\Programs\MiKTeX\tex/latex/graphics\trig.sty
Package: trig 2023/12/02 v1.11 sin cos tan (DPC)
)
(C:\Users\Uporabnik\AppData\Local\Programs\MiKTeX\tex/latex/graphics-cfg\graphi
cs.cfg
File: graphics.cfg 2016/06/04 v1.11 sample graphics configuration
)
Package graphics Info: Driver file: pdftex.def on input line 106.

(C:\Users\Uporabnik\AppData\Local\Programs\MiKTeX\tex/latex/graphics-def\pdftex
.def
File: pdftex.def 2024/04/13 v1.2c Graphics/color driver for pdftex
))
\Gin@req@height=\dimen144
\Gin@req@width=\dimen145
)
(C:\Users\Uporabnik\AppData\Local\Programs\MiKTeX\tex/latex/index\index.sty
Package: index 2025/02/06 v4.04 Improved index support (dmj)
\@indexbox=\insert252
\indexproofstyle=\toks22
)
(C:\Users\Uporabnik\AppData\Local\Programs\MiKTeX\tex/latex/pdfx\pdfx.sty
Package: pdfx 2024/06/24 v1.6.5f PDF/X and PDF/A support (CVR/HTH/RRM/PS)
\pdfx@minorversion=\count278
\pdfx@majorversion=\count279

(C:\Users\Uporabnik\AppData\Local\Programs\MiKTeX\tex/generic/iftex\ifluatex.st
y
Package: ifluatex 2019/10/25 v1.5 ifluatex legacy package. Use iftex instead.
 (C:\Users\Uporabnik\AppData\Local\Programs\MiKTeX\tex/generic/iftex\iftex.sty
Package: iftex 2024/12/12 v1.0g TeX engine tests
))
(C:\Users\Uporabnik\AppData\Local\Programs\MiKTeX\tex/generic/iftex\ifpdf.sty
Package: ifpdf 2019/10/25 v3.4 ifpdf legacy package. Use iftex instead.
)
(C:\Users\Uporabnik\AppData\Local\Programs\MiKTeX\tex/generic/iftex\ifxetex.sty
Package: ifxetex 2019/10/25 v0.7 ifxetex legacy package. Use iftex instead.
)
(C:\Users\Uporabnik\AppData\Local\Programs\MiKTeX\tex/latex/everyshi\everyshi.s
ty
Package: everyshi 2020/11/18 v4.00 EveryShipout Package
){C:/Users/Uporabnik/AppData/Local/MiKTeX/fonts/map/pdftex/pdftex.map}
(C:\Users\Uporabnik\AppData\Local\Programs\MiKTeX\tex/latex/pdfx\l8u-penc.def
File: l8u-penc.def 2017/06/23 v0.8 Custom LaTeX file, for UTF8 encoded letters 
and symbols
LaTeX Info: Composite with undeclared \b in encoding L8U on input line 278.
)
\pdfxsafeforxmp@toks=\toks23

(C:\Users\Uporabnik\AppData\Local\Programs\MiKTeX\tex/latex/xcolor\xcolor.sty
Package: xcolor 2024/09/29 v3.02 LaTeX color extensions (UK)

(C:\Users\Uporabnik\AppData\Local\Programs\MiKTeX\tex/latex/graphics-cfg\color.
cfg
File: color.cfg 2016/01/02 v1.6 sample color configuration
)

Package xcolor Warning: Package option `hyperref' is obsolete and ignored on in
put line 265.

Package xcolor Info: Driver file: pdftex.def on input line 274.

(C:\Users\Uporabnik\AppData\Local\Programs\MiKTeX\tex/latex/graphics\mathcolor.
ltx)
Package xcolor Info: Model `cmy' substituted by `cmy0' on input line 1349.
Package xcolor Info: Model `hsb' substituted by `rgb' on input line 1353.
Package xcolor Info: Model `RGB' extended on input line 1365.
Package xcolor Info: Model `HTML' substituted by `rgb' on input line 1367.
Package xcolor Info: Model `Hsb' substituted by `hsb' on input line 1368.
Package xcolor Info: Model `tHsb' substituted by `hsb' on input line 1369.
Package xcolor Info: Model `HSB' substituted by `hsb' on input line 1370.
Package xcolor Info: Model `Gray' substituted by `gray' on input line 1371.
Package xcolor Info: Model `wave' substituted by `hsb' on input line 1372.
)
\pdfx@tmptoks=\toks24

(C:\Users\Uporabnik\AppData\Local\Programs\MiKTeX\tex/latex/hyperref\hyperref.s
ty
Package: hyperref 2024-11-05 v7.01l Hypertext links for LaTeX

(C:\Users\Uporabnik\AppData\Local\Programs\MiKTeX\tex/latex/kvsetkeys\kvsetkeys
.sty
Package: kvsetkeys 2022-10-05 v1.19 Key value parser (HO)
)
(C:\Users\Uporabnik\AppData\Local\Programs\MiKTeX\tex/generic/kvdefinekeys\kvde
finekeys.sty
Package: kvdefinekeys 2019-12-19 v1.6 Define keys (HO)
)
(C:\Users\Uporabnik\AppData\Local\Programs\MiKTeX\tex/generic/pdfescape\pdfesca
pe.sty
Package: pdfescape 2019/12/09 v1.15 Implements pdfTeX's escape features (HO)

(C:\Users\Uporabnik\AppData\Local\Programs\MiKTeX\tex/generic/ltxcmds\ltxcmds.s
ty
Package: ltxcmds 2023-12-04 v1.26 LaTeX kernel commands for general use (HO)
)
(C:\Users\Uporabnik\AppData\Local\Programs\MiKTeX\tex/generic/pdftexcmds\pdftex
cmds.sty
Package: pdftexcmds 2020-06-27 v0.33 Utility functions of pdfTeX for LuaTeX (HO
)

(C:\Users\Uporabnik\AppData\Local\Programs\MiKTeX\tex/generic/infwarerr\infware
rr.sty
Package: infwarerr 2019/12/03 v1.5 Providing info/warning/error messages (HO)
)
Package pdftexcmds Info: \pdf@primitive is available.
Package pdftexcmds Info: \pdf@ifprimitive is available.
Package pdftexcmds Info: \pdfdraftmode found.
))
(C:\Users\Uporabnik\AppData\Local\Programs\MiKTeX\tex/latex/hycolor\hycolor.sty
Package: hycolor 2020-01-27 v1.10 Color options for hyperref/bookmark (HO)
)
(C:\Users\Uporabnik\AppData\Local\Programs\MiKTeX\tex/latex/hyperref\nameref.st
y
Package: nameref 2023-11-26 v2.56 Cross-referencing by name of section

(C:\Users\Uporabnik\AppData\Local\Programs\MiKTeX\tex/latex/refcount\refcount.s
ty
Package: refcount 2019/12/15 v3.6 Data extraction from label references (HO)
)
(C:\Users\Uporabnik\AppData\Local\Programs\MiKTeX\tex/generic/gettitlestring\ge
ttitlestring.sty
Package: gettitlestring 2019/12/15 v1.6 Cleanup title references (HO)

(C:\Users\Uporabnik\AppData\Local\Programs\MiKTeX\tex/latex/kvoptions\kvoptions
.sty
Package: kvoptions 2022-06-15 v3.15 Key value format for package options (HO)
))
\c@section@level=\count280
)
(C:\Users\Uporabnik\AppData\Local\Programs\MiKTeX\tex/latex/etoolbox\etoolbox.s
ty
Package: etoolbox 2025/02/11 v2.5l e-TeX tools for LaTeX (JAW)
\etb@tempcnta=\count281
)
(C:\Users\Uporabnik\AppData\Local\Programs\MiKTeX\tex/generic/stringenc\stringe
nc.sty
Package: stringenc 2019/11/29 v1.12 Convert strings between diff. encodings (HO
)
)
\@linkdim=\dimen146
\Hy@linkcounter=\count282
\Hy@pagecounter=\count283

(C:\Users\Uporabnik\AppData\Local\Programs\MiKTeX\tex/latex/hyperref\pd1enc.def
File: pd1enc.def 2024-11-05 v7.01l Hyperref: PDFDocEncoding definition (HO)
)
(C:\Users\Uporabnik\AppData\Local\Programs\MiKTeX\tex/generic/intcalc\intcalc.s
ty
Package: intcalc 2019/12/15 v1.3 Expandable calculations with integers (HO)
)
\Hy@SavedSpaceFactor=\count284

(C:\Users\Uporabnik\AppData\Local\Programs\MiKTeX\tex/latex/hyperref\puenc.def
File: puenc.def 2024-11-05 v7.01l Hyperref: PDF Unicode definition (HO)
)
Package hyperref Info: Option `pdfa' set `true' on input line 4040.
Package hyperref Info: Hyper figures OFF on input line 4157.
Package hyperref Info: Link nesting OFF on input line 4162.
Package hyperref Info: Hyper index ON on input line 4165.
Package hyperref Info: Plain pages OFF on input line 4172.
Package hyperref Info: Backreferencing OFF on input line 4177.
Package hyperref Info: Implicit mode ON; LaTeX internals redefined.
Package hyperref Info: Bookmarks ON on input line 4424.
\c@Hy@tempcnt=\count285
(C:\Users\Uporabnik\AppData\Local\Programs\MiKTeX\tex/latex/url\url.sty
\Urlmuskip=\muskip17
Package: url 2013/09/16  ver 3.4  Verb mode for urls, etc.
)
LaTeX Info: Redefining \url on input line 4763.
\XeTeXLinkMargin=\dimen147

(C:\Users\Uporabnik\AppData\Local\Programs\MiKTeX\tex/generic/bitset\bitset.sty
Package: bitset 2019/12/09 v1.3 Handle bit-vector datatype (HO)

(C:\Users\Uporabnik\AppData\Local\Programs\MiKTeX\tex/generic/bigintcalc\bigint
calc.sty
Package: bigintcalc 2019/12/15 v1.5 Expandable calculations on big integers (HO
)
))
\Fld@menulength=\count286
\Field@Width=\dimen148
\Fld@charsize=\dimen149
Package hyperref Info: Hyper figures OFF on input line 6042.
Package hyperref Info: Link nesting OFF on input line 6047.
Package hyperref Info: Hyper index ON on input line 6050.
Package hyperref Info: backreferencing OFF on input line 6057.
Package hyperref Info: Link coloring OFF on input line 6062.
Package hyperref Info: Link coloring with OCG OFF on input line 6067.
Package hyperref Info: PDF/A mode ON on input line 6070.

(C:\Users\Uporabnik\AppData\Local\Programs\MiKTeX\tex/latex/base\atbegshi-ltx.s
ty
Package: atbegshi-ltx 2021/01/10 v1.0c Emulation of the original atbegshi
package with kernel methods
)
\Hy@abspage=\count287
\c@Item=\count288
\c@Hfootnote=\count289
)
Package hyperref Info: Driver: hpdftex.

(C:\Users\Uporabnik\AppData\Local\Programs\MiKTeX\tex/latex/hyperref\hpdftex.de
f
File: hpdftex.def 2024-11-05 v7.01l Hyperref driver for pdfTeX

(C:\Users\Uporabnik\AppData\Local\Programs\MiKTeX\tex/latex/base\atveryend-ltx.
sty
Package: atveryend-ltx 2020/08/19 v1.0a Emulation of the original atveryend pac
kage
with kernel methods
)
\Fld@listcount=\count290
\c@bookmark@seq@number=\count291

(C:\Users\Uporabnik\AppData\Local\Programs\MiKTeX\tex/latex/rerunfilecheck\reru
nfilecheck.sty
Package: rerunfilecheck 2022-07-10 v1.10 Rerun checks for auxiliary files (HO)

(C:\Users\Uporabnik\AppData\Local\Programs\MiKTeX\tex/generic/uniquecounter\uni
quecounter.sty
Package: uniquecounter 2019/12/15 v1.4 Provide unlimited unique counter (HO)
)
Package uniquecounter Info: New unique counter `rerunfilecheck' on input line 2
85.
)
\Hy@SectionHShift=\skip56
)
Package hyperref Info: Option `psdextra' set `true' on input line 1535.

(C:\Users\Uporabnik\AppData\Local\Programs\MiKTeX\tex/latex/hyperref\psdextra.d
ef
File: psdextra.def 2024-11-05 v7.01l Hyperref: Additions to PDF string support
)
(C:\Users\Uporabnik\AppData\Local\Programs\MiKTeX\tex/generic/colorprofiles\col
orprofiles.sty
Package: colorprofiles 2018/11/01 v1.0.1 color profiles for PDF/X and PDF/A sup
port

(C:\Users\Uporabnik\AppData\Local\Programs\MiKTeX\tex/generic/colorprofiles\col
orprofiles.tex))
(C:\Users\Uporabnik\AppData\Local\Programs\MiKTeX\tex/latex/pdfx\AdobeColorProf
iles.tex)
(C:\Users\Uporabnik\AppData\Local\Programs\MiKTeX\tex/latex/pdfx\8bit.def
File: 8bit.def 2008/03/30 v1.1d Input encoding file
)
** pdfx: No file "Omejeni linearni operatorji na Hilbertovih prostorih".xmpdata
 . Metadata will be incomplete!
<<sRGB.icc>>
(C:\Users\Uporabnik\AppData\Local\Programs\MiKTeX\tex/latex/pdfx\8bit.def
File: 8bit.def 2008/03/30 v1.1d Input encoding file
)
(C:\Users\Uporabnik\AppData\Local\Programs\MiKTeX\tex/generic/pdftex\glyphtouni
code.tex)
(C:\Users\Uporabnik\AppData\Local\Programs\MiKTeX\tex/latex/pdfx\glyphtounicode
-cmr.tex)
(C:\Users\Uporabnik\AppData\Local\Programs\MiKTeX\tex/latex/pdfx\glyphtounicode
-ntx.tex)
(C:\Users\Uporabnik\AppData\Local\Programs\MiKTeX\tex/latex/base\ifthen.sty
Package: ifthen 2024/03/16 v1.1e Standard LaTeX ifthen package (DPC)
)
(C:\Users\Uporabnik\AppData\Local\Programs\MiKTeX\tex/latex/xmpincl\xmpincl.sty
Package: xmpincl 2021/09/22 v2.4 Include XMP data in pdflatex
) (C:\Users\Uporabnik\AppData\Local\Programs\MiKTeX\tex/latex/pdfx\8bit.def
File: 8bit.def 2008/03/30 v1.1d Input encoding file
)
Using XMP template file: pdfa.xmp
\xmpinclWrite=\write3
\xmpinclRead=\read3
\openout3 = `pdfa.xmpi'.

<<pdfa.xmpi>>

Package pdfx Warning: Setting all color commands to rgb,
consistent with the Color Model for PDF/A  on input line 3126.

) (C:\Users\Uporabnik\AppData\Local\Programs\MiKTeX\tex/latex/base\utf8.def
File: utf8.def 2022/06/07 v1.3c UTF-8 support
Now handling font encoding OML ...
... no UTF-8 mapping file for font encoding OML
Now handling font encoding OMS ...
... processing UTF-8 mapping file for font encoding OMS

(C:\Users\Uporabnik\AppData\Local\Programs\MiKTeX\tex/latex/base\omsenc.dfu
File: omsenc.dfu 2022/06/07 v1.3c UTF-8 support
   defining Unicode char U+00A7 (decimal 167)
   defining Unicode char U+00B6 (decimal 182)
   defining Unicode char U+00B7 (decimal 183)
   defining Unicode char U+2020 (decimal 8224)
   defining Unicode char U+2021 (decimal 8225)
   defining Unicode char U+2022 (decimal 8226)
)
Now handling font encoding OT1 ...
... processing UTF-8 mapping file for font encoding OT1

(C:\Users\Uporabnik\AppData\Local\Programs\MiKTeX\tex/latex/base\ot1enc.dfu
File: ot1enc.dfu 2022/06/07 v1.3c UTF-8 support
   defining Unicode char U+00A0 (decimal 160)
   defining Unicode char U+00A1 (decimal 161)
   defining Unicode char U+00A3 (decimal 163)
   defining Unicode char U+00AD (decimal 173)
   defining Unicode char U+00B8 (decimal 184)
   defining Unicode char U+00BF (decimal 191)
   defining Unicode char U+00C5 (decimal 197)
   defining Unicode char U+00C6 (decimal 198)
   defining Unicode char U+00D8 (decimal 216)
   defining Unicode char U+00DF (decimal 223)
   defining Unicode char U+00E6 (decimal 230)
   defining Unicode char U+00EC (decimal 236)
   defining Unicode char U+00ED (decimal 237)
   defining Unicode char U+00EE (decimal 238)
   defining Unicode char U+00EF (decimal 239)
   defining Unicode char U+00F8 (decimal 248)
   defining Unicode char U+0131 (decimal 305)
   defining Unicode char U+0141 (decimal 321)
   defining Unicode char U+0142 (decimal 322)
   defining Unicode char U+0152 (decimal 338)
   defining Unicode char U+0153 (decimal 339)
   defining Unicode char U+0174 (decimal 372)
   defining Unicode char U+0175 (decimal 373)
   defining Unicode char U+0176 (decimal 374)
   defining Unicode char U+0177 (decimal 375)
   defining Unicode char U+0218 (decimal 536)
   defining Unicode char U+0219 (decimal 537)
   defining Unicode char U+021A (decimal 538)
   defining Unicode char U+021B (decimal 539)
   defining Unicode char U+0237 (decimal 567)
   defining Unicode char U+2013 (decimal 8211)
   defining Unicode char U+2014 (decimal 8212)
   defining Unicode char U+2018 (decimal 8216)
   defining Unicode char U+2019 (decimal 8217)
   defining Unicode char U+201C (decimal 8220)
   defining Unicode char U+201D (decimal 8221)
   defining Unicode char U+FB00 (decimal 64256)
   defining Unicode char U+FB01 (decimal 64257)
   defining Unicode char U+FB02 (decimal 64258)
   defining Unicode char U+FB03 (decimal 64259)
   defining Unicode char U+FB04 (decimal 64260)
   defining Unicode char U+FB05 (decimal 64261)
   defining Unicode char U+FB06 (decimal 64262)
)
Now handling font encoding T1 ...
... processing UTF-8 mapping file for font encoding T1

(C:\Users\Uporabnik\AppData\Local\Programs\MiKTeX\tex/latex/base\t1enc.dfu
File: t1enc.dfu 2022/06/07 v1.3c UTF-8 support
   defining Unicode char U+00A0 (decimal 160)
   defining Unicode char U+00A1 (decimal 161)
   defining Unicode char U+00A3 (decimal 163)
   defining Unicode char U+00AB (decimal 171)
   defining Unicode char U+00AD (decimal 173)
   defining Unicode char U+00BB (decimal 187)
   defining Unicode char U+00BF (decimal 191)
   defining Unicode char U+00C0 (decimal 192)
   defining Unicode char U+00C1 (decimal 193)
   defining Unicode char U+00C2 (decimal 194)
   defining Unicode char U+00C3 (decimal 195)
   defining Unicode char U+00C4 (decimal 196)
   defining Unicode char U+00C5 (decimal 197)
   defining Unicode char U+00C6 (decimal 198)
   defining Unicode char U+00C7 (decimal 199)
   defining Unicode char U+00C8 (decimal 200)
   defining Unicode char U+00C9 (decimal 201)
   defining Unicode char U+00CA (decimal 202)
   defining Unicode char U+00CB (decimal 203)
   defining Unicode char U+00CC (decimal 204)
   defining Unicode char U+00CD (decimal 205)
   defining Unicode char U+00CE (decimal 206)
   defining Unicode char U+00CF (decimal 207)
   defining Unicode char U+00D0 (decimal 208)
   defining Unicode char U+00D1 (decimal 209)
   defining Unicode char U+00D2 (decimal 210)
   defining Unicode char U+00D3 (decimal 211)
   defining Unicode char U+00D4 (decimal 212)
   defining Unicode char U+00D5 (decimal 213)
   defining Unicode char U+00D6 (decimal 214)
   defining Unicode char U+00D8 (decimal 216)
   defining Unicode char U+00D9 (decimal 217)
   defining Unicode char U+00DA (decimal 218)
   defining Unicode char U+00DB (decimal 219)
   defining Unicode char U+00DC (decimal 220)
   defining Unicode char U+00DD (decimal 221)
   defining Unicode char U+00DE (decimal 222)
   defining Unicode char U+00DF (decimal 223)
   defining Unicode char U+00E0 (decimal 224)
   defining Unicode char U+00E1 (decimal 225)
   defining Unicode char U+00E2 (decimal 226)
   defining Unicode char U+00E3 (decimal 227)
   defining Unicode char U+00E4 (decimal 228)
   defining Unicode char U+00E5 (decimal 229)
   defining Unicode char U+00E6 (decimal 230)
   defining Unicode char U+00E7 (decimal 231)
   defining Unicode char U+00E8 (decimal 232)
   defining Unicode char U+00E9 (decimal 233)
   defining Unicode char U+00EA (decimal 234)
   defining Unicode char U+00EB (decimal 235)
   defining Unicode char U+00EC (decimal 236)
   defining Unicode char U+00ED (decimal 237)
   defining Unicode char U+00EE (decimal 238)
   defining Unicode char U+00EF (decimal 239)
   defining Unicode char U+00F0 (decimal 240)
   defining Unicode char U+00F1 (decimal 241)
   defining Unicode char U+00F2 (decimal 242)
   defining Unicode char U+00F3 (decimal 243)
   defining Unicode char U+00F4 (decimal 244)
   defining Unicode char U+00F5 (decimal 245)
   defining Unicode char U+00F6 (decimal 246)
   defining Unicode char U+00F8 (decimal 248)
   defining Unicode char U+00F9 (decimal 249)
   defining Unicode char U+00FA (decimal 250)
   defining Unicode char U+00FB (decimal 251)
   defining Unicode char U+00FC (decimal 252)
   defining Unicode char U+00FD (decimal 253)
   defining Unicode char U+00FE (decimal 254)
   defining Unicode char U+00FF (decimal 255)
   defining Unicode char U+0100 (decimal 256)
   defining Unicode char U+0101 (decimal 257)
   defining Unicode char U+0102 (decimal 258)
   defining Unicode char U+0103 (decimal 259)
   defining Unicode char U+0104 (decimal 260)
   defining Unicode char U+0105 (decimal 261)
   defining Unicode char U+0106 (decimal 262)
   defining Unicode char U+0107 (decimal 263)
   defining Unicode char U+0108 (decimal 264)
   defining Unicode char U+0109 (decimal 265)
   defining Unicode char U+010A (decimal 266)
   defining Unicode char U+010B (decimal 267)
   defining Unicode char U+010C (decimal 268)
   defining Unicode char U+010D (decimal 269)
   defining Unicode char U+010E (decimal 270)
   defining Unicode char U+010F (decimal 271)
   defining Unicode char U+0110 (decimal 272)
   defining Unicode char U+0111 (decimal 273)
   defining Unicode char U+0112 (decimal 274)
   defining Unicode char U+0113 (decimal 275)
   defining Unicode char U+0114 (decimal 276)
   defining Unicode char U+0115 (decimal 277)
   defining Unicode char U+0116 (decimal 278)
   defining Unicode char U+0117 (decimal 279)
   defining Unicode char U+0118 (decimal 280)
   defining Unicode char U+0119 (decimal 281)
   defining Unicode char U+011A (decimal 282)
   defining Unicode char U+011B (decimal 283)
   defining Unicode char U+011C (decimal 284)
   defining Unicode char U+011D (decimal 285)
   defining Unicode char U+011E (decimal 286)
   defining Unicode char U+011F (decimal 287)
   defining Unicode char U+0120 (decimal 288)
   defining Unicode char U+0121 (decimal 289)
   defining Unicode char U+0122 (decimal 290)
   defining Unicode char U+0123 (decimal 291)
   defining Unicode char U+0124 (decimal 292)
   defining Unicode char U+0125 (decimal 293)
   defining Unicode char U+0128 (decimal 296)
   defining Unicode char U+0129 (decimal 297)
   defining Unicode char U+012A (decimal 298)
   defining Unicode char U+012B (decimal 299)
   defining Unicode char U+012C (decimal 300)
   defining Unicode char U+012D (decimal 301)
   defining Unicode char U+012E (decimal 302)
   defining Unicode char U+012F (decimal 303)
   defining Unicode char U+0130 (decimal 304)
   defining Unicode char U+0131 (decimal 305)
   defining Unicode char U+0132 (decimal 306)
   defining Unicode char U+0133 (decimal 307)
   defining Unicode char U+0134 (decimal 308)
   defining Unicode char U+0135 (decimal 309)
   defining Unicode char U+0136 (decimal 310)
   defining Unicode char U+0137 (decimal 311)
   defining Unicode char U+0139 (decimal 313)
   defining Unicode char U+013A (decimal 314)
   defining Unicode char U+013B (decimal 315)
   defining Unicode char U+013C (decimal 316)
   defining Unicode char U+013D (decimal 317)
   defining Unicode char U+013E (decimal 318)
   defining Unicode char U+0141 (decimal 321)
   defining Unicode char U+0142 (decimal 322)
   defining Unicode char U+0143 (decimal 323)
   defining Unicode char U+0144 (decimal 324)
   defining Unicode char U+0145 (decimal 325)
   defining Unicode char U+0146 (decimal 326)
   defining Unicode char U+0147 (decimal 327)
   defining Unicode char U+0148 (decimal 328)
   defining Unicode char U+014A (decimal 330)
   defining Unicode char U+014B (decimal 331)
   defining Unicode char U+014C (decimal 332)
   defining Unicode char U+014D (decimal 333)
   defining Unicode char U+014E (decimal 334)
   defining Unicode char U+014F (decimal 335)
   defining Unicode char U+0150 (decimal 336)
   defining Unicode char U+0151 (decimal 337)
   defining Unicode char U+0152 (decimal 338)
   defining Unicode char U+0153 (decimal 339)
   defining Unicode char U+0154 (decimal 340)
   defining Unicode char U+0155 (decimal 341)
   defining Unicode char U+0156 (decimal 342)
   defining Unicode char U+0157 (decimal 343)
   defining Unicode char U+0158 (decimal 344)
   defining Unicode char U+0159 (decimal 345)
   defining Unicode char U+015A (decimal 346)
   defining Unicode char U+015B (decimal 347)
   defining Unicode char U+015C (decimal 348)
   defining Unicode char U+015D (decimal 349)
   defining Unicode char U+015E (decimal 350)
   defining Unicode char U+015F (decimal 351)
   defining Unicode char U+0160 (decimal 352)
   defining Unicode char U+0161 (decimal 353)
   defining Unicode char U+0162 (decimal 354)
   defining Unicode char U+0163 (decimal 355)
   defining Unicode char U+0164 (decimal 356)
   defining Unicode char U+0165 (decimal 357)
   defining Unicode char U+0168 (decimal 360)
   defining Unicode char U+0169 (decimal 361)
   defining Unicode char U+016A (decimal 362)
   defining Unicode char U+016B (decimal 363)
   defining Unicode char U+016C (decimal 364)
   defining Unicode char U+016D (decimal 365)
   defining Unicode char U+016E (decimal 366)
   defining Unicode char U+016F (decimal 367)
   defining Unicode char U+0170 (decimal 368)
   defining Unicode char U+0171 (decimal 369)
   defining Unicode char U+0172 (decimal 370)
   defining Unicode char U+0173 (decimal 371)
   defining Unicode char U+0174 (decimal 372)
   defining Unicode char U+0175 (decimal 373)
   defining Unicode char U+0176 (decimal 374)
   defining Unicode char U+0177 (decimal 375)
   defining Unicode char U+0178 (decimal 376)
   defining Unicode char U+0179 (decimal 377)
   defining Unicode char U+017A (decimal 378)
   defining Unicode char U+017B (decimal 379)
   defining Unicode char U+017C (decimal 380)
   defining Unicode char U+017D (decimal 381)
   defining Unicode char U+017E (decimal 382)
   defining Unicode char U+01C4 (decimal 452)
   defining Unicode char U+01C5 (decimal 453)
   defining Unicode char U+01C6 (decimal 454)
   defining Unicode char U+01C7 (decimal 455)
   defining Unicode char U+01C8 (decimal 456)
   defining Unicode char U+01C9 (decimal 457)
   defining Unicode char U+01CA (decimal 458)
   defining Unicode char U+01CB (decimal 459)
   defining Unicode char U+01CC (decimal 460)
   defining Unicode char U+01CD (decimal 461)
   defining Unicode char U+01CE (decimal 462)
   defining Unicode char U+01CF (decimal 463)
   defining Unicode char U+01D0 (decimal 464)
   defining Unicode char U+01D1 (decimal 465)
   defining Unicode char U+01D2 (decimal 466)
   defining Unicode char U+01D3 (decimal 467)
   defining Unicode char U+01D4 (decimal 468)
   defining Unicode char U+01E2 (decimal 482)
   defining Unicode char U+01E3 (decimal 483)
   defining Unicode char U+01E6 (decimal 486)
   defining Unicode char U+01E7 (decimal 487)
   defining Unicode char U+01E8 (decimal 488)
   defining Unicode char U+01E9 (decimal 489)
   defining Unicode char U+01EA (decimal 490)
   defining Unicode char U+01EB (decimal 491)
   defining Unicode char U+01F0 (decimal 496)
   defining Unicode char U+01F4 (decimal 500)
   defining Unicode char U+01F5 (decimal 501)
   defining Unicode char U+0218 (decimal 536)
   defining Unicode char U+0219 (decimal 537)
   defining Unicode char U+021A (decimal 538)
   defining Unicode char U+021B (decimal 539)
   defining Unicode char U+0232 (decimal 562)
   defining Unicode char U+0233 (decimal 563)
   defining Unicode char U+0237 (decimal 567)
   defining Unicode char U+02D9 (decimal 729)
   defining Unicode char U+02DB (decimal 731)
   defining Unicode char U+1E02 (decimal 7682)
   defining Unicode char U+1E03 (decimal 7683)
   defining Unicode char U+1E0D (decimal 7693)
   defining Unicode char U+1E1E (decimal 7710)
   defining Unicode char U+1E1F (decimal 7711)
   defining Unicode char U+1E25 (decimal 7717)
   defining Unicode char U+1E30 (decimal 7728)
   defining Unicode char U+1E31 (decimal 7729)
   defining Unicode char U+1E37 (decimal 7735)
   defining Unicode char U+1E8E (decimal 7822)
   defining Unicode char U+1E8F (decimal 7823)
   defining Unicode char U+1E43 (decimal 7747)
   defining Unicode char U+1E45 (decimal 7749)
   defining Unicode char U+1E47 (decimal 7751)
   defining Unicode char U+1E5B (decimal 7771)
   defining Unicode char U+1E63 (decimal 7779)
   defining Unicode char U+1E6D (decimal 7789)
   defining Unicode char U+1E90 (decimal 7824)
   defining Unicode char U+1E91 (decimal 7825)
   defining Unicode char U+1E9E (decimal 7838)
   defining Unicode char U+1EF2 (decimal 7922)
   defining Unicode char U+1EF3 (decimal 7923)
   defining Unicode char U+200C (decimal 8204)
   defining Unicode char U+2010 (decimal 8208)
   defining Unicode char U+2011 (decimal 8209)
   defining Unicode char U+2012 (decimal 8210)
   defining Unicode char U+2013 (decimal 8211)
   defining Unicode char U+2014 (decimal 8212)
   defining Unicode char U+2015 (decimal 8213)
   defining Unicode char U+2018 (decimal 8216)
   defining Unicode char U+2019 (decimal 8217)
   defining Unicode char U+201A (decimal 8218)
   defining Unicode char U+201C (decimal 8220)
   defining Unicode char U+201D (decimal 8221)
   defining Unicode char U+201E (decimal 8222)
   defining Unicode char U+2030 (decimal 8240)
   defining Unicode char U+2031 (decimal 8241)
   defining Unicode char U+2039 (decimal 8249)
   defining Unicode char U+203A (decimal 8250)
   defining Unicode char U+2423 (decimal 9251)
   defining Unicode char U+1E20 (decimal 7712)
   defining Unicode char U+1E21 (decimal 7713)
   defining Unicode char U+FB00 (decimal 64256)
   defining Unicode char U+FB01 (decimal 64257)
   defining Unicode char U+FB02 (decimal 64258)
   defining Unicode char U+FB03 (decimal 64259)
   defining Unicode char U+FB04 (decimal 64260)
   defining Unicode char U+FB05 (decimal 64261)
   defining Unicode char U+FB06 (decimal 64262)
)
Now handling font encoding TS1 ...
... processing UTF-8 mapping file for font encoding TS1

(C:\Users\Uporabnik\AppData\Local\Programs\MiKTeX\tex/latex/base\ts1enc.dfu
File: ts1enc.dfu 2022/06/07 v1.3c UTF-8 support
   defining Unicode char U+00A2 (decimal 162)
   defining Unicode char U+00A3 (decimal 163)
   defining Unicode char U+00A4 (decimal 164)
   defining Unicode char U+00A5 (decimal 165)
   defining Unicode char U+00A6 (decimal 166)
   defining Unicode char U+00A7 (decimal 167)
   defining Unicode char U+00A8 (decimal 168)
   defining Unicode char U+00A9 (decimal 169)
   defining Unicode char U+00AA (decimal 170)
   defining Unicode char U+00AC (decimal 172)
   defining Unicode char U+00AE (decimal 174)
   defining Unicode char U+00AF (decimal 175)
   defining Unicode char U+00B0 (decimal 176)
   defining Unicode char U+00B1 (decimal 177)
   defining Unicode char U+00B2 (decimal 178)
   defining Unicode char U+00B3 (decimal 179)
   defining Unicode char U+00B4 (decimal 180)
   defining Unicode char U+00B5 (decimal 181)
   defining Unicode char U+00B6 (decimal 182)
   defining Unicode char U+00B7 (decimal 183)
   defining Unicode char U+00B9 (decimal 185)
   defining Unicode char U+00BA (decimal 186)
   defining Unicode char U+00BC (decimal 188)
   defining Unicode char U+00BD (decimal 189)
   defining Unicode char U+00BE (decimal 190)
   defining Unicode char U+00D7 (decimal 215)
   defining Unicode char U+00F7 (decimal 247)
   defining Unicode char U+0192 (decimal 402)
   defining Unicode char U+02C7 (decimal 711)
   defining Unicode char U+02D8 (decimal 728)
   defining Unicode char U+02DD (decimal 733)
   defining Unicode char U+0E3F (decimal 3647)
   defining Unicode char U+2016 (decimal 8214)
   defining Unicode char U+2020 (decimal 8224)
   defining Unicode char U+2021 (decimal 8225)
   defining Unicode char U+2022 (decimal 8226)
   defining Unicode char U+2030 (decimal 8240)
   defining Unicode char U+2031 (decimal 8241)
   defining Unicode char U+203B (decimal 8251)
   defining Unicode char U+203D (decimal 8253)
   defining Unicode char U+2044 (decimal 8260)
   defining Unicode char U+204E (decimal 8270)
   defining Unicode char U+2052 (decimal 8274)
   defining Unicode char U+20A1 (decimal 8353)
   defining Unicode char U+20A4 (decimal 8356)
   defining Unicode char U+20A6 (decimal 8358)
   defining Unicode char U+20A9 (decimal 8361)
   defining Unicode char U+20AB (decimal 8363)
   defining Unicode char U+20AC (decimal 8364)
   defining Unicode char U+20B1 (decimal 8369)
   defining Unicode char U+2103 (decimal 8451)
   defining Unicode char U+2116 (decimal 8470)
   defining Unicode char U+2117 (decimal 8471)
   defining Unicode char U+211E (decimal 8478)
   defining Unicode char U+2120 (decimal 8480)
   defining Unicode char U+2122 (decimal 8482)
   defining Unicode char U+2126 (decimal 8486)
   defining Unicode char U+2127 (decimal 8487)
   defining Unicode char U+212E (decimal 8494)
   defining Unicode char U+2190 (decimal 8592)
   defining Unicode char U+2191 (decimal 8593)
   defining Unicode char U+2192 (decimal 8594)
   defining Unicode char U+2193 (decimal 8595)
   defining Unicode char U+2329 (decimal 9001)
   defining Unicode char U+3008 (decimal 12296)
   defining Unicode char U+232A (decimal 9002)
   defining Unicode char U+3009 (decimal 12297)
   defining Unicode char U+2422 (decimal 9250)
   defining Unicode char U+25E6 (decimal 9702)
   defining Unicode char U+25EF (decimal 9711)
   defining Unicode char U+266A (decimal 9834)
   defining Unicode char U+27E8 (decimal 10216)
   defining Unicode char U+27E9 (decimal 10217)
   defining Unicode char U+FEFF (decimal 65279)
)
Now handling font encoding OMX ...
... no UTF-8 mapping file for font encoding OMX
Now handling font encoding U ...
... no UTF-8 mapping file for font encoding U
Now handling font encoding PD1 ...
... no UTF-8 mapping file for font encoding PD1
Now handling font encoding PU ...
... no UTF-8 mapping file for font encoding PU
   defining Unicode char U+00A9 (decimal 169)
   defining Unicode char U+00AA (decimal 170)
   defining Unicode char U+00AE (decimal 174)
   defining Unicode char U+00BA (decimal 186)
   defining Unicode char U+02C6 (decimal 710)
   defining Unicode char U+02DC (decimal 732)
   defining Unicode char U+200C (decimal 8204)
   defining Unicode char U+2026 (decimal 8230)
   defining Unicode char U+2122 (decimal 8482)
   defining Unicode char U+2423 (decimal 9251)
   defining Unicode char U+FEFF (decimal 65279)
)
(C:\Users\Uporabnik\AppData\Local\Programs\MiKTeX\tex/latex/fancyhdr\fancyhdr.s
ty
Package: fancyhdr 2025/02/07 v5.2 Extensive control of page headers and footers

\f@nch@headwidth=\skip57
\f@nch@offset@elh=\skip58
\f@nch@offset@erh=\skip59
\f@nch@offset@olh=\skip60
\f@nch@offset@orh=\skip61
\f@nch@offset@elf=\skip62
\f@nch@offset@erf=\skip63
\f@nch@offset@olf=\skip64
\f@nch@offset@orf=\skip65
\f@nch@height=\skip66
\f@nch@footalignment=\skip67
\f@nch@widthL=\skip68
\f@nch@widthC=\skip69
\f@nch@widthR=\skip70
\@temptokenb=\toks25
) (C:\Users\Uporabnik\AppData\Local\Programs\MiKTeX\tex/latex/lhelp\lhelp.sty
Package: lhelp 2004/07/13 v2.1  collection of little helpers (VK)
Package: lhelp 2004/07/13 v2.1  collection of little helpers (VK)
\lhelp@toks=\toks26
\hour=\count292
\minute=\count293
\c@excludelevel=\count294
\minlinelen=\dimen150
)
(C:\Users\Uporabnik\AppData\Local\Programs\MiKTeX\tex/latex/sauerj\optparams.st
y
Package: optparams 2004/08/14 v0.9 multiple optional parameters in macros
)
(C:\Users\Uporabnik\AppData\Local\Programs\MiKTeX\tex/latex/psfrag\psfrag.sty
Package: psfrag 1998/04/11 v3.04 PSfrag (MCG)
\pfg@pcount=\count295
\pfg@scount=\count296
\pfg@temp=\write4
)
(C:\Users\Uporabnik\AppData\Local\Programs\MiKTeX\tex/latex/pdfpages\pdfpages.s
ty
Package: pdfpages 2025/03/12 v0.6f Insert pages of external PDF documents (AM)
 (C:\Users\Uporabnik\AppData\Local\Programs\MiKTeX\tex/latex/tools\calc.sty
Package: calc 2023/07/08 v4.3 Infix arithmetic (KKT,FJ)
\calc@Acount=\count297
\calc@Bcount=\count298
\calc@Adimen=\dimen151
\calc@Bdimen=\dimen152
\calc@Askip=\skip71
\calc@Bskip=\skip72
LaTeX Info: Redefining \setlength on input line 80.
LaTeX Info: Redefining \addtolength on input line 81.
\calc@Ccount=\count299
\calc@Cskip=\skip73
)
(C:\Users\Uporabnik\AppData\Local\Programs\MiKTeX\tex/latex/eso-pic\eso-pic.sty
Package: eso-pic 2023/05/03 v3.0c eso-pic (RN)
\ESO@tempdima=\dimen153
\ESO@tempdimb=\dimen154
)
\AM@pagewidth=\dimen155
\AM@pageheight=\dimen156
\AM@fboxrule=\dimen157

(C:\Users\Uporabnik\AppData\Local\Programs\MiKTeX\tex/latex/pdfpages\pppdftex.d
ef
File: pppdftex.def 2025/03/12 v0.6f Pdfpages driver for pdfTeX (AM)
)
\pdfpages@includegraphics@status=\count300
\AM@pagebox=\box57
\AM@global@opts=\toks27
\AM@pagecnt=\count301
\AM@toc@title=\toks28
\AM@lof@heading=\toks29
\c@AM@survey=\count302
\AM@templatesizebox=\box58
)
(C:\Users\Uporabnik\AppData\Local\Programs\MiKTeX\tex/latex/leftidx\leftidx.sty
Package: leftidx 2003/09/24 v1.03 Left indices
)
(C:\Users\Uporabnik\AppData\Local\Programs\MiKTeX\tex/latex/stmaryrd\stmaryrd.s
ty
Package: stmaryrd 1994/03/03 St Mary's Road symbol package
\symstmry=\mathgroup6
LaTeX Font Info:    Overwriting symbol font `stmry' in version `bold'
(Font)                  U/stmry/m/n --> U/stmry/b/n on input line 89.
)
(C:\Users\Uporabnik\AppData\Local\Programs\MiKTeX\tex/latex/wrapfig\wrapfig.sty
\wrapoverhang=\dimen158
\WF@size=\dimen159
\c@WF@wrappedlines=\count303
\WF@box=\box59
\WF@everypar=\toks30
Package: wrapfig 2003/01/31  v 3.6
) (C:\Users\Uporabnik\AppData\Local\Programs\MiKTeX\tex/latex/amscls\amsthm.sty
Package: amsthm 2020/05/29 v2.20.6
\thm@style=\toks31
\thm@bodyfont=\toks32
\thm@headfont=\toks33
\thm@notefont=\toks34
\thm@headpunct=\toks35
\thm@preskip=\skip74
\thm@postskip=\skip75
\thm@headsep=\skip76
\dth@everypar=\toks36
)
(C:\Users\Uporabnik\AppData\Local\Programs\MiKTeX\tex/latex/jknappen\mathrsfs.s
ty
Package: mathrsfs 1996/01/01 Math RSFS package v1.0 (jk)
\symrsfs=\mathgroup7
)
(C:\Users\Uporabnik\AppData\Local\Programs\MiKTeX\tex/latex/silence\silence.sty
Package: silence 2012/07/02 v1.5b Selective filtering of warnings and error mes
sages
\sl@Save=\count304
\sl@StateNumber=\count305
\sl@MessageCount=\count306
\sl@Casualties=\count307
\sl@Filter=\toks37
\sl@Message=\toks38
\sl@UnexpandedMessage=\toks39
\sl@Mess@ge=\toks40
\sl@WarningCount=\count308
\sl@WarningNumber=\count309
\sl@WarningCasualties=\count310
\sl@TempBOW=\toks41
\sl@BankOfWarnings=\toks42
LaTeX Info: Redefining \GenericWarning on input line 433.
\sl@ErrorCount=\count311
\sl@ErrorNumber=\count312
\sl@ErrorCasualties=\count313
\sl@TempBOE=\toks43
\sl@BankOfErrors=\toks44
LaTeX Info: Redefining \GenericError on input line 601.
)
(C:\Users\Uporabnik\AppData\Local\Programs\MiKTeX\tex/latex/mathtools\mathtools
.sty
Package: mathtools 2024/10/04 v1.31 mathematical typesetting tools

(C:\Users\Uporabnik\AppData\Local\Programs\MiKTeX\tex/latex/mathtools\mhsetup.s
ty
Package: mhsetup 2021/03/18 v1.4 programming setup (MH)
)
(C:\Users\Uporabnik\AppData\Local\Programs\MiKTeX\tex/latex/amsmath\amsmath.sty
Package: amsmath 2024/11/05 v2.17t AMS math features
\@mathmargin=\skip77
For additional information on amsmath, use the `?' option.

(C:\Users\Uporabnik\AppData\Local\Programs\MiKTeX\tex/latex/amsmath\amstext.sty
Package: amstext 2021/08/26 v2.01 AMS text
(C:\Users\Uporabnik\AppData\Local\Programs\MiKTeX\tex/latex/amsmath\amsgen.sty
File: amsgen.sty 1999/11/30 v2.0 generic functions
\@emptytoks=\toks45
\ex@=\dimen160
))
(C:\Users\Uporabnik\AppData\Local\Programs\MiKTeX\tex/latex/amsmath\amsbsy.sty
Package: amsbsy 1999/11/29 v1.2d Bold Symbols
\pmbraise@=\dimen161
) (C:\Users\Uporabnik\AppData\Local\Programs\MiKTeX\tex/latex/amsmath\amsopn.st
y
Package: amsopn 2022/04/08 v2.04 operator names
)
\inf@bad=\count314
LaTeX Info: Redefining \frac on input line 233.
\uproot@=\count315
\leftroot@=\count316
LaTeX Info: Redefining \overline on input line 398.
LaTeX Info: Redefining \colon on input line 409.
\classnum@=\count317
\DOTSCASE@=\count318
LaTeX Info: Redefining \ldots on input line 495.
LaTeX Info: Redefining \dots on input line 498.
LaTeX Info: Redefining \cdots on input line 619.
\Mathstrutbox@=\box60
\strutbox@=\box61
LaTeX Info: Redefining \big on input line 721.
LaTeX Info: Redefining \Big on input line 722.
LaTeX Info: Redefining \bigg on input line 723.
LaTeX Info: Redefining \Bigg on input line 724.
\big@size=\dimen162
LaTeX Font Info:    Redeclaring font encoding OML on input line 742.
LaTeX Font Info:    Redeclaring font encoding OMS on input line 743.
\macc@depth=\count319
LaTeX Info: Redefining \bmod on input line 904.
LaTeX Info: Redefining \pmod on input line 909.
LaTeX Info: Redefining \smash on input line 939.
LaTeX Info: Redefining \relbar on input line 969.
LaTeX Info: Redefining \Relbar on input line 970.
\c@MaxMatrixCols=\count320
\dotsspace@=\muskip18
\c@parentequation=\count321
\dspbrk@lvl=\count322
\tag@help=\toks46
\row@=\count323
\column@=\count324
\maxfields@=\count325
\andhelp@=\toks47
\eqnshift@=\dimen163
\alignsep@=\dimen164
\tagshift@=\dimen165
\tagwidth@=\dimen166
\totwidth@=\dimen167
\lineht@=\dimen168
\@envbody=\toks48
\multlinegap=\skip78
\multlinetaggap=\skip79
\mathdisplay@stack=\toks49
LaTeX Info: Redefining \[ on input line 2953.
LaTeX Info: Redefining \] on input line 2954.
)
\g_MT_multlinerow_int=\count326
\l_MT_multwidth_dim=\dimen169
\origjot=\skip80
\l_MT_shortvdotswithinadjustabove_dim=\dimen170
\l_MT_shortvdotswithinadjustbelow_dim=\dimen171
\l_MT_above_intertext_sep=\dimen172
\l_MT_below_intertext_sep=\dimen173
\l_MT_above_shortintertext_sep=\dimen174
\l_MT_below_shortintertext_sep=\dimen175
\xmathstrut@box=\box62
\xmathstrut@dim=\dimen176
)
(C:\Users\Uporabnik\AppData\Local\Programs\MiKTeX\tex/latex/subfigure\subfigure
.sty
Package: subfigure 2002/07/30 v2.1.4 subfigure package
\subfigtopskip=\skip81
\subfigcapskip=\skip82
\subfigcaptopadj=\dimen177
\subfigbottomskip=\skip83
\subfigcapmargin=\dimen178
\subfiglabelskip=\skip84
\c@subfigure=\count327
\c@lofdepth=\count328
\c@subtable=\count329
\c@lotdepth=\count330

****************************************
* Local config file subfigure.cfg used *
****************************************

(C:\Users\Uporabnik\AppData\Local\Programs\MiKTeX\tex/latex/subfigure\subfigure
.cfg)
\subfig@top=\skip85
\subfig@bottom=\skip86
)
(C:\Users\Uporabnik\AppData\Local\Programs\MiKTeX\tex/latex/multirow\multirow.s
ty
Package: multirow 2024/11/12 v2.9 Span multiple rows of a table
\multirow@colwidth=\skip87
\multirow@cntb=\count331
\multirow@dima=\skip88
\bigstrutjot=\dimen179
)
(C:\Users\Uporabnik\AppData\Local\Programs\MiKTeX\tex/latex/lipsum\lipsum.sty
(C:\Users\Uporabnik\AppData\Local\Programs\MiKTeX\tex/latex/l3packages/l3keys2e
\l3keys2e.sty
(C:\Users\Uporabnik\AppData\Local\Programs\MiKTeX\tex/latex/l3kernel\expl3.sty
Package: expl3 2025-01-18 L3 programming layer (loader) 

(C:\Users\Uporabnik\AppData\Local\Programs\MiKTeX\tex/latex/l3backend\l3backend
-pdftex.def
File: l3backend-pdftex.def 2024-05-08 L3 backend support: PDF output (pdfTeX)
\l__color_backend_stack_int=\count332
\l__pdf_internal_box=\box63
))
Package: l3keys2e 2024-08-16 LaTeX2e option processing using LaTeX3 keys
)
Package: lipsum 2021-09-20 v2.7 150 paragraphs of Lorem Ipsum dummy text
\g__lipsum_par_int=\count333
\l__lipsum_a_int=\count334
\l__lipsum_b_int=\count335

(C:\Users\Uporabnik\AppData\Local\Programs\MiKTeX\tex/latex/lipsum\lipsum.ltd.t
ex))
(C:\Users\Uporabnik\AppData\Local\Programs\MiKTeX\tex/latex/pgf/frontendlayer\t
ikz.sty
(C:\Users\Uporabnik\AppData\Local\Programs\MiKTeX\tex/latex/pgf/basiclayer\pgf.
sty
(C:\Users\Uporabnik\AppData\Local\Programs\MiKTeX\tex/latex/pgf/utilities\pgfrc
s.sty
(C:\Users\Uporabnik\AppData\Local\Programs\MiKTeX\tex/generic/pgf/utilities\pgf
util-common.tex
\pgfutil@everybye=\toks50
\pgfutil@tempdima=\dimen180
\pgfutil@tempdimb=\dimen181
)
(C:\Users\Uporabnik\AppData\Local\Programs\MiKTeX\tex/generic/pgf/utilities\pgf
util-latex.def
\pgfutil@abb=\box64
)
(C:\Users\Uporabnik\AppData\Local\Programs\MiKTeX\tex/generic/pgf/utilities\pgf
rcs.code.tex
(C:\Users\Uporabnik\AppData\Local\Programs\MiKTeX\tex/generic/pgf\pgf.revision.
tex)
Package: pgfrcs 2023-01-15 v3.1.10 (3.1.10)
))
Package: pgf 2023-01-15 v3.1.10 (3.1.10)

(C:\Users\Uporabnik\AppData\Local\Programs\MiKTeX\tex/latex/pgf/basiclayer\pgfc
ore.sty
(C:\Users\Uporabnik\AppData\Local\Programs\MiKTeX\tex/latex/pgf/systemlayer\pgf
sys.sty
(C:\Users\Uporabnik\AppData\Local\Programs\MiKTeX\tex/generic/pgf/systemlayer\p
gfsys.code.tex
Package: pgfsys 2023-01-15 v3.1.10 (3.1.10)

(C:\Users\Uporabnik\AppData\Local\Programs\MiKTeX\tex/generic/pgf/utilities\pgf
keys.code.tex
\pgfkeys@pathtoks=\toks51
\pgfkeys@temptoks=\toks52

(C:\Users\Uporabnik\AppData\Local\Programs\MiKTeX\tex/generic/pgf/utilities\pgf
keyslibraryfiltered.code.tex
\pgfkeys@tmptoks=\toks53
))
\pgf@x=\dimen182
\pgf@y=\dimen183
\pgf@xa=\dimen184
\pgf@ya=\dimen185
\pgf@xb=\dimen186
\pgf@yb=\dimen187
\pgf@xc=\dimen188
\pgf@yc=\dimen189
\pgf@xd=\dimen190
\pgf@yd=\dimen191
\w@pgf@writea=\write5
\r@pgf@reada=\read4
\c@pgf@counta=\count336
\c@pgf@countb=\count337
\c@pgf@countc=\count338
\c@pgf@countd=\count339
\t@pgf@toka=\toks54
\t@pgf@tokb=\toks55
\t@pgf@tokc=\toks56
\pgf@sys@id@count=\count340

(C:\Users\Uporabnik\AppData\Local\Programs\MiKTeX\tex/generic/pgf/systemlayer\p
gf.cfg
File: pgf.cfg 2023-01-15 v3.1.10 (3.1.10)
)
Driver file for pgf: pgfsys-pdftex.def

(C:\Users\Uporabnik\AppData\Local\Programs\MiKTeX\tex/generic/pgf/systemlayer\p
gfsys-pdftex.def
File: pgfsys-pdftex.def 2023-01-15 v3.1.10 (3.1.10)

(C:\Users\Uporabnik\AppData\Local\Programs\MiKTeX\tex/generic/pgf/systemlayer\p
gfsys-common-pdf.def
File: pgfsys-common-pdf.def 2023-01-15 v3.1.10 (3.1.10)
)))
(C:\Users\Uporabnik\AppData\Local\Programs\MiKTeX\tex/generic/pgf/systemlayer\p
gfsyssoftpath.code.tex
File: pgfsyssoftpath.code.tex 2023-01-15 v3.1.10 (3.1.10)
\pgfsyssoftpath@smallbuffer@items=\count341
\pgfsyssoftpath@bigbuffer@items=\count342
)
(C:\Users\Uporabnik\AppData\Local\Programs\MiKTeX\tex/generic/pgf/systemlayer\p
gfsysprotocol.code.tex
File: pgfsysprotocol.code.tex 2023-01-15 v3.1.10 (3.1.10)
))
(C:\Users\Uporabnik\AppData\Local\Programs\MiKTeX\tex/generic/pgf/basiclayer\pg
fcore.code.tex
Package: pgfcore 2023-01-15 v3.1.10 (3.1.10)

(C:\Users\Uporabnik\AppData\Local\Programs\MiKTeX\tex/generic/pgf/math\pgfmath.
code.tex
(C:\Users\Uporabnik\AppData\Local\Programs\MiKTeX\tex/generic/pgf/math\pgfmathu
til.code.tex)
(C:\Users\Uporabnik\AppData\Local\Programs\MiKTeX\tex/generic/pgf/math\pgfmathp
arser.code.tex
\pgfmath@dimen=\dimen192
\pgfmath@count=\count343
\pgfmath@box=\box65
\pgfmath@toks=\toks57
\pgfmath@stack@operand=\toks58
\pgfmath@stack@operation=\toks59
)
(C:\Users\Uporabnik\AppData\Local\Programs\MiKTeX\tex/generic/pgf/math\pgfmathf
unctions.code.tex)
(C:\Users\Uporabnik\AppData\Local\Programs\MiKTeX\tex/generic/pgf/math\pgfmathf
unctions.basic.code.tex)
(C:\Users\Uporabnik\AppData\Local\Programs\MiKTeX\tex/generic/pgf/math\pgfmathf
unctions.trigonometric.code.tex)
(C:\Users\Uporabnik\AppData\Local\Programs\MiKTeX\tex/generic/pgf/math\pgfmathf
unctions.random.code.tex)
(C:\Users\Uporabnik\AppData\Local\Programs\MiKTeX\tex/generic/pgf/math\pgfmathf
unctions.comparison.code.tex)
(C:\Users\Uporabnik\AppData\Local\Programs\MiKTeX\tex/generic/pgf/math\pgfmathf
unctions.base.code.tex)
(C:\Users\Uporabnik\AppData\Local\Programs\MiKTeX\tex/generic/pgf/math\pgfmathf
unctions.round.code.tex)
(C:\Users\Uporabnik\AppData\Local\Programs\MiKTeX\tex/generic/pgf/math\pgfmathf
unctions.misc.code.tex)
(C:\Users\Uporabnik\AppData\Local\Programs\MiKTeX\tex/generic/pgf/math\pgfmathf
unctions.integerarithmetics.code.tex)
(C:\Users\Uporabnik\AppData\Local\Programs\MiKTeX\tex/generic/pgf/math\pgfmathc
alc.code.tex)
(C:\Users\Uporabnik\AppData\Local\Programs\MiKTeX\tex/generic/pgf/math\pgfmathf
loat.code.tex
\c@pgfmathroundto@lastzeros=\count344
))
(C:\Users\Uporabnik\AppData\Local\Programs\MiKTeX\tex/generic/pgf/math\pgfint.c
ode.tex)
(C:\Users\Uporabnik\AppData\Local\Programs\MiKTeX\tex/generic/pgf/basiclayer\pg
fcorepoints.code.tex
File: pgfcorepoints.code.tex 2023-01-15 v3.1.10 (3.1.10)
\pgf@picminx=\dimen193
\pgf@picmaxx=\dimen194
\pgf@picminy=\dimen195
\pgf@picmaxy=\dimen196
\pgf@pathminx=\dimen197
\pgf@pathmaxx=\dimen198
\pgf@pathminy=\dimen199
\pgf@pathmaxy=\dimen256
\pgf@xx=\dimen257
\pgf@xy=\dimen258
\pgf@yx=\dimen259
\pgf@yy=\dimen260
\pgf@zx=\dimen261
\pgf@zy=\dimen262
)
(C:\Users\Uporabnik\AppData\Local\Programs\MiKTeX\tex/generic/pgf/basiclayer\pg
fcorepathconstruct.code.tex
File: pgfcorepathconstruct.code.tex 2023-01-15 v3.1.10 (3.1.10)
\pgf@path@lastx=\dimen263
\pgf@path@lasty=\dimen264
)
(C:\Users\Uporabnik\AppData\Local\Programs\MiKTeX\tex/generic/pgf/basiclayer\pg
fcorepathusage.code.tex
File: pgfcorepathusage.code.tex 2023-01-15 v3.1.10 (3.1.10)
\pgf@shorten@end@additional=\dimen265
\pgf@shorten@start@additional=\dimen266
)
(C:\Users\Uporabnik\AppData\Local\Programs\MiKTeX\tex/generic/pgf/basiclayer\pg
fcorescopes.code.tex
File: pgfcorescopes.code.tex 2023-01-15 v3.1.10 (3.1.10)
\pgfpic=\box66
\pgf@hbox=\box67
\pgf@layerbox@main=\box68
\pgf@picture@serial@count=\count345
)
(C:\Users\Uporabnik\AppData\Local\Programs\MiKTeX\tex/generic/pgf/basiclayer\pg
fcoregraphicstate.code.tex
File: pgfcoregraphicstate.code.tex 2023-01-15 v3.1.10 (3.1.10)
\pgflinewidth=\dimen267
)
(C:\Users\Uporabnik\AppData\Local\Programs\MiKTeX\tex/generic/pgf/basiclayer\pg
fcoretransformations.code.tex
File: pgfcoretransformations.code.tex 2023-01-15 v3.1.10 (3.1.10)
\pgf@pt@x=\dimen268
\pgf@pt@y=\dimen269
\pgf@pt@temp=\dimen270
)
(C:\Users\Uporabnik\AppData\Local\Programs\MiKTeX\tex/generic/pgf/basiclayer\pg
fcorequick.code.tex
File: pgfcorequick.code.tex 2023-01-15 v3.1.10 (3.1.10)
)
(C:\Users\Uporabnik\AppData\Local\Programs\MiKTeX\tex/generic/pgf/basiclayer\pg
fcoreobjects.code.tex
File: pgfcoreobjects.code.tex 2023-01-15 v3.1.10 (3.1.10)
)
(C:\Users\Uporabnik\AppData\Local\Programs\MiKTeX\tex/generic/pgf/basiclayer\pg
fcorepathprocessing.code.tex
File: pgfcorepathprocessing.code.tex 2023-01-15 v3.1.10 (3.1.10)
)
(C:\Users\Uporabnik\AppData\Local\Programs\MiKTeX\tex/generic/pgf/basiclayer\pg
fcorearrows.code.tex
File: pgfcorearrows.code.tex 2023-01-15 v3.1.10 (3.1.10)
\pgfarrowsep=\dimen271
)
(C:\Users\Uporabnik\AppData\Local\Programs\MiKTeX\tex/generic/pgf/basiclayer\pg
fcoreshade.code.tex
File: pgfcoreshade.code.tex 2023-01-15 v3.1.10 (3.1.10)
\pgf@max=\dimen272
\pgf@sys@shading@range@num=\count346
\pgf@shadingcount=\count347
)
(C:\Users\Uporabnik\AppData\Local\Programs\MiKTeX\tex/generic/pgf/basiclayer\pg
fcoreimage.code.tex
File: pgfcoreimage.code.tex 2023-01-15 v3.1.10 (3.1.10)
)
(C:\Users\Uporabnik\AppData\Local\Programs\MiKTeX\tex/generic/pgf/basiclayer\pg
fcoreexternal.code.tex
File: pgfcoreexternal.code.tex 2023-01-15 v3.1.10 (3.1.10)
\pgfexternal@startupbox=\box69
)
(C:\Users\Uporabnik\AppData\Local\Programs\MiKTeX\tex/generic/pgf/basiclayer\pg
fcorelayers.code.tex
File: pgfcorelayers.code.tex 2023-01-15 v3.1.10 (3.1.10)
)
(C:\Users\Uporabnik\AppData\Local\Programs\MiKTeX\tex/generic/pgf/basiclayer\pg
fcoretransparency.code.tex
File: pgfcoretransparency.code.tex 2023-01-15 v3.1.10 (3.1.10)
)
(C:\Users\Uporabnik\AppData\Local\Programs\MiKTeX\tex/generic/pgf/basiclayer\pg
fcorepatterns.code.tex
File: pgfcorepatterns.code.tex 2023-01-15 v3.1.10 (3.1.10)
)
(C:\Users\Uporabnik\AppData\Local\Programs\MiKTeX\tex/generic/pgf/basiclayer\pg
fcorerdf.code.tex
File: pgfcorerdf.code.tex 2023-01-15 v3.1.10 (3.1.10)
)))
(C:\Users\Uporabnik\AppData\Local\Programs\MiKTeX\tex/generic/pgf/modules\pgfmo
duleshapes.code.tex
File: pgfmoduleshapes.code.tex 2023-01-15 v3.1.10 (3.1.10)
\pgfnodeparttextbox=\box70
)
(C:\Users\Uporabnik\AppData\Local\Programs\MiKTeX\tex/generic/pgf/modules\pgfmo
duleplot.code.tex
File: pgfmoduleplot.code.tex 2023-01-15 v3.1.10 (3.1.10)
)
(C:\Users\Uporabnik\AppData\Local\Programs\MiKTeX\tex/latex/pgf/compatibility\p
gfcomp-version-0-65.sty
Package: pgfcomp-version-0-65 2023-01-15 v3.1.10 (3.1.10)
\pgf@nodesepstart=\dimen273
\pgf@nodesepend=\dimen274
)
(C:\Users\Uporabnik\AppData\Local\Programs\MiKTeX\tex/latex/pgf/compatibility\p
gfcomp-version-1-18.sty
Package: pgfcomp-version-1-18 2023-01-15 v3.1.10 (3.1.10)
))
(C:\Users\Uporabnik\AppData\Local\Programs\MiKTeX\tex/latex/pgf/utilities\pgffo
r.sty
(C:\Users\Uporabnik\AppData\Local\Programs\MiKTeX\tex/latex/pgf/utilities\pgfke
ys.sty
(C:\Users\Uporabnik\AppData\Local\Programs\MiKTeX\tex/generic/pgf/utilities\pgf
keys.code.tex))
(C:\Users\Uporabnik\AppData\Local\Programs\MiKTeX\tex/latex/pgf/math\pgfmath.st
y
(C:\Users\Uporabnik\AppData\Local\Programs\MiKTeX\tex/generic/pgf/math\pgfmath.
code.tex))
(C:\Users\Uporabnik\AppData\Local\Programs\MiKTeX\tex/generic/pgf/utilities\pgf
for.code.tex
Package: pgffor 2023-01-15 v3.1.10 (3.1.10)
\pgffor@iter=\dimen275
\pgffor@skip=\dimen276
\pgffor@stack=\toks60
\pgffor@toks=\toks61
))
(C:\Users\Uporabnik\AppData\Local\Programs\MiKTeX\tex/generic/pgf/frontendlayer
/tikz\tikz.code.tex
Package: tikz 2023-01-15 v3.1.10 (3.1.10)

(C:\Users\Uporabnik\AppData\Local\Programs\MiKTeX\tex/generic/pgf/libraries\pgf
libraryplothandlers.code.tex
File: pgflibraryplothandlers.code.tex 2023-01-15 v3.1.10 (3.1.10)
\pgf@plot@mark@count=\count348
\pgfplotmarksize=\dimen277
)
\tikz@lastx=\dimen278
\tikz@lasty=\dimen279
\tikz@lastxsaved=\dimen280
\tikz@lastysaved=\dimen281
\tikz@lastmovetox=\dimen282
\tikz@lastmovetoy=\dimen283
\tikzleveldistance=\dimen284
\tikzsiblingdistance=\dimen285
\tikz@figbox=\box71
\tikz@figbox@bg=\box72
\tikz@tempbox=\box73
\tikz@tempbox@bg=\box74
\tikztreelevel=\count349
\tikznumberofchildren=\count350
\tikznumberofcurrentchild=\count351
\tikz@fig@count=\count352

(C:\Users\Uporabnik\AppData\Local\Programs\MiKTeX\tex/generic/pgf/modules\pgfmo
dulematrix.code.tex
File: pgfmodulematrix.code.tex 2023-01-15 v3.1.10 (3.1.10)
\pgfmatrixcurrentrow=\count353
\pgfmatrixcurrentcolumn=\count354
\pgf@matrix@numberofcolumns=\count355
)
\tikz@expandcount=\count356

(C:\Users\Uporabnik\AppData\Local\Programs\MiKTeX\tex/generic/pgf/frontendlayer
/tikz/libraries\tikzlibrarytopaths.code.tex
File: tikzlibrarytopaths.code.tex 2023-01-15 v3.1.10 (3.1.10)
)))
(C:\Users\Uporabnik\AppData\Local\Programs\MiKTeX\tex/latex/caption\caption.sty
Package: caption 2023/08/05 v3.6o Customizing captions (AR)

(C:\Users\Uporabnik\AppData\Local\Programs\MiKTeX\tex/latex/caption\caption3.st
y
Package: caption3 2023/07/31 v2.4d caption3 kernel (AR)
\caption@tempdima=\dimen286
\captionmargin=\dimen287
\caption@leftmargin=\dimen288
\caption@rightmargin=\dimen289
\caption@width=\dimen290
\caption@indent=\dimen291
\caption@parindent=\dimen292
\caption@hangindent=\dimen293
Package caption Info: Standard document class detected.
)
\c@caption@flags=\count357
\c@continuedfloat=\count358
Package caption Info: hyperref package is loaded.
Package caption Info: longtable package is loaded.

(C:\Users\Uporabnik\AppData\Local\Programs\MiKTeX\tex/latex/caption\ltcaption.s
ty
Package: ltcaption 2021/01/08 v1.4c longtable captions (AR)
)
Package caption Info: subfigure package is loaded.
Package caption Info: wrapfig package is loaded.
)
(C:\Users\Uporabnik\AppData\Local\Programs\MiKTeX\tex/latex/booktabs\booktabs.s
ty
Package: booktabs 2020/01/12 v1.61803398 Publication quality tables
\heavyrulewidth=\dimen294
\lightrulewidth=\dimen295
\cmidrulewidth=\dimen296
\belowrulesep=\dimen297
\belowbottomsep=\dimen298
\aboverulesep=\dimen299
\abovetopsep=\dimen300
\cmidrulesep=\dimen301
\cmidrulekern=\dimen302
\defaultaddspace=\dimen303
\@cmidla=\count359
\@cmidlb=\count360
\@aboverulesep=\dimen304
\@belowrulesep=\dimen305
\@thisruleclass=\count361
\@lastruleclass=\count362
\@thisrulewidth=\dimen306
)
(C:\Users\Uporabnik\AppData\Local\Programs\MiKTeX\tex/latex/siunitx\siunitx.sty
Package: siunitx 2025-02-27 v3.4.6 A comprehensive (SI) units package
\l__siunitx_number_uncert_offset_int=\count363
\l__siunitx_number_exponent_fixed_int=\count364
\l__siunitx_number_min_decimal_int=\count365
\l__siunitx_number_min_integer_int=\count366
\l__siunitx_number_round_precision_int=\count367
\l__siunitx_number_lower_threshold_int=\count368
\l__siunitx_number_upper_threshold_int=\count369
\l__siunitx_number_group_first_int=\count370
\l__siunitx_number_group_size_int=\count371
\l__siunitx_number_group_minimum_int=\count372
\l__siunitx_angle_tmp_dim=\dimen307
\l__siunitx_angle_marker_box=\box75
\l__siunitx_angle_unit_box=\box76
\l__siunitx_compound_count_int=\count373

(C:\Users\Uporabnik\AppData\Local\Programs\MiKTeX\tex/latex/translations\transl
ations.sty
Package: translations 2022/02/05 v1.12 internationalization of LaTeX2e packages
 (CN)
)
\l__siunitx_table_tmp_box=\box77
\l__siunitx_table_tmp_dim=\dimen308
\l__siunitx_table_column_width_dim=\dimen309
\l__siunitx_table_integer_box=\box78
\l__siunitx_table_decimal_box=\box79
\l__siunitx_table_uncert_box=\box80
\l__siunitx_table_before_box=\box81
\l__siunitx_table_after_box=\box82
\l__siunitx_table_before_dim=\dimen310
\l__siunitx_table_carry_dim=\dimen311
\l__siunitx_unit_tmp_int=\count374
\l__siunitx_unit_position_int=\count375
\l__siunitx_unit_total_int=\count376

(C:\Users\Uporabnik\AppData\Local\Programs\MiKTeX\tex/latex/tools\array.sty
Package: array 2024/10/17 v2.6g Tabular extension package (FMi)
\col@sep=\dimen312
\ar@mcellbox=\box83
\extrarowheight=\dimen313
\NC@list=\toks62
\extratabsurround=\skip89
\backup@length=\skip90
\ar@cellbox=\box84
))
(C:\Users\Uporabnik\AppData\Local\Programs\MiKTeX\tex/latex/tools\enumerate.sty
Package: enumerate 2023/07/04 v3.00 enumerate extensions (DPC)
\@enLab=\toks63
)
(C:\Users\Uporabnik\AppData\Local\Programs\MiKTeX\tex/latex/setspace\setspace.s
ty
Package: setspace 2022/12/04 v6.7b set line spacing
)
\c@izrek=\count377


Package fancyhdr Warning: \fancyhead's `E' option without twoside option is use
less.
(fancyhdr)                Please consider using the `twoside' option on input l
ine 141.


Package fancyhdr Warning: \fancyhead's `E' option without twoside option is use
less.
(fancyhdr)                Please consider using the `twoside' option on input l
ine 144.

LaTeX Font Info:    Trying to load font information for OT1+lmr on input line 1
71.
(C:\Users\Uporabnik\AppData\Local\Programs\MiKTeX\tex/latex/lm\ot1lmr.fd
File: ot1lmr.fd 2015/05/01 v1.6.1 Font defs for Latin Modern
)
(Omejeni linearni operatorji na Hilbertovih prostorih.aux

LaTeX Warning: Label `prim:pozoptriv' multiply defined.

)
\openout1 = `"Omejeni linearni operatorji na Hilbertovih prostorih.aux"'.

LaTeX Font Info:    Checking defaults for OML/cmm/m/it on input line 171.
LaTeX Font Info:    ... okay on input line 171.
LaTeX Font Info:    Checking defaults for OMS/cmsy/m/n on input line 171.
LaTeX Font Info:    ... okay on input line 171.
LaTeX Font Info:    Checking defaults for OT1/cmr/m/n on input line 171.
LaTeX Font Info:    ... okay on input line 171.
LaTeX Font Info:    Checking defaults for T1/cmr/m/n on input line 171.
LaTeX Font Info:    ... okay on input line 171.
LaTeX Font Info:    Checking defaults for TS1/cmr/m/n on input line 171.
LaTeX Font Info:    ... okay on input line 171.
LaTeX Font Info:    Checking defaults for OMX/cmex/m/n on input line 171.
LaTeX Font Info:    ... okay on input line 171.
LaTeX Font Info:    Checking defaults for U/cmr/m/n on input line 171.
LaTeX Font Info:    ... okay on input line 171.
LaTeX Font Info:    Checking defaults for PD1/pdf/m/n on input line 171.
LaTeX Font Info:    ... okay on input line 171.
LaTeX Font Info:    Checking defaults for PU/pdf/m/n on input line 171.
LaTeX Font Info:    ... okay on input line 171.

(C:\Users\Uporabnik\AppData\Local\Programs\MiKTeX\tex/context/base/mkii\supp-pd
f.mkii
[Loading MPS to PDF converter (version 2006.09.02).]
\scratchcounter=\count378
\scratchdimen=\dimen314
\scratchbox=\box85
\nofMPsegments=\count379
\nofMParguments=\count380
\everyMPshowfont=\toks64
\MPscratchCnt=\count381
\MPscratchDim=\dimen315
\MPnumerator=\count382
\makeMPintoPDFobject=\count383
\everyMPtoPDFconversion=\toks65
)
(C:\Users\Uporabnik\AppData\Local\Programs\MiKTeX\tex/latex/epstopdf-pkg\epstop
df-base.sty
Package: epstopdf-base 2020-01-24 v2.11 Base part for package epstopdf
Package epstopdf-base Info: Redefining graphics rule for `.eps' on input line 4
85.

(C:\Users\Uporabnik\AppData\Local\Programs\MiKTeX\tex/latex/00miktex\epstopdf-s
ys.cfg
File: epstopdf-sys.cfg 2021/03/18 v2.0 Configuration of epstopdf for MiKTeX
))
Package hyperref Info: Link coloring OFF on input line 171.
 (Omejeni linearni operatorji na Hilbertovih prostorih.out)
(Omejeni linearni operatorji na Hilbertovih prostorih.out)
\@outlinefile=\write6
\openout6 = `"Omejeni linearni operatorji na Hilbertovih prostorih.out"'.


(C:\Users\Uporabnik\AppData\Local\Programs\MiKTeX\tex/latex/pdflscape\pdflscape
.sty
Package: pdflscape 2022-10-27 v0.13 Display of landscape pages in PDF

(C:\Users\Uporabnik\AppData\Local\Programs\MiKTeX\tex/latex/pdflscape\pdflscape
-nometadata.sty
Package: pdflscape-nometadata 2022-10-28 v0.13 Display of landscape pages in PD
F (HO)

(C:\Users\Uporabnik\AppData\Local\Programs\MiKTeX\tex/latex/graphics\lscape.sty
Package: lscape 2020/05/28 v3.02 Landscape Pages (DPC)
)
Package pdflscape Info: Auto-detected driver: pdftex on input line 81.
))
Package caption Info: Begin \AtBeginDocument code.
Package caption Info: End \AtBeginDocument code.
Package translations Info: no dictionary file `translations-basic-dictionary-sl
ovenian.trsl' found. on input line 171.
LaTeX Font Info:    Trying to load font information for OML+lmm on input line 1
81.
 (C:\Users\Uporabnik\AppData\Local\Programs\MiKTeX\tex/latex/lm\omllmm.fd
File: omllmm.fd 2015/05/01 v1.6.1 Font defs for Latin Modern
)
LaTeX Font Info:    Trying to load font information for OMS+lmsy on input line 
181.

(C:\Users\Uporabnik\AppData\Local\Programs\MiKTeX\tex/latex/lm\omslmsy.fd
File: omslmsy.fd 2015/05/01 v1.6.1 Font defs for Latin Modern
)
LaTeX Font Info:    Trying to load font information for OMX+lmex on input line 
181.

(C:\Users\Uporabnik\AppData\Local\Programs\MiKTeX\tex/latex/lm\omxlmex.fd
File: omxlmex.fd 2015/05/01 v1.6.1 Font defs for Latin Modern
)
LaTeX Font Info:    External font `lmex10' loaded for size
(Font)              <12> on input line 181.
LaTeX Font Info:    External font `lmex10' loaded for size
(Font)              <8> on input line 181.
LaTeX Font Info:    External font `lmex10' loaded for size
(Font)              <6> on input line 181.
LaTeX Font Info:    Trying to load font information for U+msa on input line 181
.

(C:\Users\Uporabnik\AppData\Local\Programs\MiKTeX\tex/latex/amsfonts\umsa.fd
File: umsa.fd 2013/01/14 v3.01 AMS symbols A
)
LaTeX Font Info:    Trying to load font information for U+msb on input line 181
.

(C:\Users\Uporabnik\AppData\Local\Programs\MiKTeX\tex/latex/amsfonts\umsb.fd
File: umsb.fd 2013/01/14 v3.01 AMS symbols B
)
LaTeX Font Info:    Trying to load font information for U+stmry on input line 1
81.

(C:\Users\Uporabnik\AppData\Local\Programs\MiKTeX\tex/latex/stmaryrd\ustmry.fd)
LaTeX Font Info:    Trying to load font information for U+rsfs on input line 18
1.
(C:\Users\Uporabnik\AppData\Local\Programs\MiKTeX\tex/latex/jknappen\ursfs.fd
File: ursfs.fd 1998/03/24 rsfs font definition file (jk)
)

[1
Non-PDF special ignored!
<special> header=psfrag.pro



{C:/Users/Uporabnik/AppData/Local/Programs/MiKTeX/fonts/enc/dvips/lm/lm-rm.enc}
]

[2]

[3]

[4]

[5]
Underfull \hbox (badness 10000) in paragraph at lines 330--331

 []



[6]
Underfull \hbox (badness 10000) in paragraph at lines 377--378

 []



[7] (Omejeni linearni operatorji na Hilbertovih prostorih.toc
LaTeX Font Info:    External font `lmex10' loaded for size
(Font)              <10.95> on input line 5.
)
\tf@toc=\write7
\openout7 = `"Omejeni linearni operatorji na Hilbertovih prostorih.toc"'.



[8

]

[1


]
Poglavje 1.
LaTeX Font Info:    Trying to load font information for TS1+lmr on input line 4
68.
(C:\Users\Uporabnik\AppData\Local\Programs\MiKTeX\tex/latex/lm\ts1lmr.fd
File: ts1lmr.fd 2015/05/01 v1.6.1 Font defs for Latin Modern
)

[2

{C:/Users/Uporabnik/AppData/Local/Programs/MiKTeX/fonts/enc/dvips/lm/lm-mathit.
enc}{C:/Users/Uporabnik/AppData/Local/Programs/MiKTeX/fonts/enc/dvips/lm/lm-mat
hsy.enc}{C:/Users/Uporabnik/AppData/Local/Programs/MiKTeX/fonts/enc/dvips/lm/lm
-ts1.enc}]


Package fancyhdr Warning: \headheight is too small (12.0pt): 
(fancyhdr)                Make it at least 14.49998pt, for example:
(fancyhdr)                \setlength{\headheight}{14.49998pt}.
(fancyhdr)                You might also make \topmargin smaller:
(fancyhdr)                \addtolength{\topmargin}{-2.49998pt}.

[3{C:/Users/Uporabnik/AppData/Local/Programs/MiKTeX/fonts/enc/dvips/lm/lm-mathe
x.enc}]


Package fancyhdr Warning: \headheight is too small (12.0pt): 
(fancyhdr)                Make it at least 14.49998pt, for example:
(fancyhdr)                \setlength{\headheight}{14.49998pt}.
(fancyhdr)                You might also make \topmargin smaller:
(fancyhdr)                \addtolength{\topmargin}{-2.49998pt}.

[4]


Package fancyhdr Warning: \headheight is too small (12.0pt): 
(fancyhdr)                Make it at least 14.49998pt, for example:
(fancyhdr)                \setlength{\headheight}{14.49998pt}.
(fancyhdr)                You might also make \topmargin smaller:
(fancyhdr)                \addtolength{\topmargin}{-2.49998pt}.

[5]


Package fancyhdr Warning: \headheight is too small (12.0pt): 
(fancyhdr)                Make it at least 14.49998pt, for example:
(fancyhdr)                \setlength{\headheight}{14.49998pt}.
(fancyhdr)                You might also make \topmargin smaller:
(fancyhdr)                \addtolength{\topmargin}{-2.49998pt}.

[6]


Package fancyhdr Warning: \headheight is too small (12.0pt): 
(fancyhdr)                Make it at least 14.49998pt, for example:
(fancyhdr)                \setlength{\headheight}{14.49998pt}.
(fancyhdr)                You might also make \topmargin smaller:
(fancyhdr)                \addtolength{\topmargin}{-2.49998pt}.

[7]


Package fancyhdr Warning: \headheight is too small (12.0pt): 
(fancyhdr)                Make it at least 14.49998pt, for example:
(fancyhdr)                \setlength{\headheight}{14.49998pt}.
(fancyhdr)                You might also make \topmargin smaller:
(fancyhdr)                \addtolength{\topmargin}{-2.49998pt}.

[8]


Package fancyhdr Warning: \headheight is too small (12.0pt): 
(fancyhdr)                Make it at least 14.49998pt, for example:
(fancyhdr)                \setlength{\headheight}{14.49998pt}.
(fancyhdr)                You might also make \topmargin smaller:
(fancyhdr)                \addtolength{\topmargin}{-2.49998pt}.

[9]


Package fancyhdr Warning: \headheight is too small (12.0pt): 
(fancyhdr)                Make it at least 14.49998pt, for example:
(fancyhdr)                \setlength{\headheight}{14.49998pt}.
(fancyhdr)                You might also make \topmargin smaller:
(fancyhdr)                \addtolength{\topmargin}{-2.49998pt}.

[10]


Package fancyhdr Warning: \headheight is too small (12.0pt): 
(fancyhdr)                Make it at least 14.49998pt, for example:
(fancyhdr)                \setlength{\headheight}{14.49998pt}.
(fancyhdr)                You might also make \topmargin smaller:
(fancyhdr)                \addtolength{\topmargin}{-2.49998pt}.

[11]


Package fancyhdr Warning: \headheight is too small (12.0pt): 
(fancyhdr)                Make it at least 14.49998pt, for example:
(fancyhdr)                \setlength{\headheight}{14.49998pt}.
(fancyhdr)                You might also make \topmargin smaller:
(fancyhdr)                \addtolength{\topmargin}{-2.49998pt}.

[12]


Package fancyhdr Warning: \headheight is too small (12.0pt): 
(fancyhdr)                Make it at least 14.49998pt, for example:
(fancyhdr)                \setlength{\headheight}{14.49998pt}.
(fancyhdr)                You might also make \topmargin smaller:
(fancyhdr)                \addtolength{\topmargin}{-2.49998pt}.

[13]


Package fancyhdr Warning: \headheight is too small (12.0pt): 
(fancyhdr)                Make it at least 14.49998pt, for example:
(fancyhdr)                \setlength{\headheight}{14.49998pt}.
(fancyhdr)                You might also make \topmargin smaller:
(fancyhdr)                \addtolength{\topmargin}{-2.49998pt}.

[14]
Overfull \hbox (12.45383pt too wide) in paragraph at lines 715--716
[]\OT1/lmr/m/it/10.95 Ce je $\OML/lmm/m/it/10.95 V$ \OT1/lmr/m/it/10.95 vek-tor
-ski pro-stor (nad $\U/msb/m/n/10.95 F$\OT1/lmr/m/it/10.95 ) in $[]$ ska-larni 
pro-dukt na njem, pra-vimo, da je $\OT1/lmr/m/n/10.95 (\OML/lmm/m/it/10.95 V; \
OT1/lmr/m/n/10.95 +\OML/lmm/m/it/10.95 ; \OMS/lmsy/m/n/10.95 ^^A\OML/lmm/m/it/1
0.95 ; []\OT1/lmr/m/n/10.95 )$
 []




Package fancyhdr Warning: \headheight is too small (12.0pt): 
(fancyhdr)                Make it at least 14.49998pt, for example:
(fancyhdr)                \setlength{\headheight}{14.49998pt}.
(fancyhdr)                You might also make \topmargin smaller:
(fancyhdr)                \addtolength{\topmargin}{-2.49998pt}.

[15]


Package fancyhdr Warning: \headheight is too small (12.0pt): 
(fancyhdr)                Make it at least 14.49998pt, for example:
(fancyhdr)                \setlength{\headheight}{14.49998pt}.
(fancyhdr)                You might also make \topmargin smaller:
(fancyhdr)                \addtolength{\topmargin}{-2.49998pt}.

[16]
Overfull \hbox (4.6229pt too wide) in paragraph at lines 767--768
[]\OT1/lmr/m/n/10.95 Premislimo se-daj, da je ska-larni pro-dukt zve-zna pre-sl
i-kava in obrav-na-vamo nje-govo obna^^Tsanje
 []




Package fancyhdr Warning: \headheight is too small (12.0pt): 
(fancyhdr)                Make it at least 14.49998pt, for example:
(fancyhdr)                \setlength{\headheight}{14.49998pt}.
(fancyhdr)                You might also make \topmargin smaller:
(fancyhdr)                \addtolength{\topmargin}{-2.49998pt}.

[17]


Package fancyhdr Warning: \headheight is too small (12.0pt): 
(fancyhdr)                Make it at least 14.49998pt, for example:
(fancyhdr)                \setlength{\headheight}{14.49998pt}.
(fancyhdr)                You might also make \topmargin smaller:
(fancyhdr)                \addtolength{\topmargin}{-2.49998pt}.

[18]


Package fancyhdr Warning: \headheight is too small (12.0pt): 
(fancyhdr)                Make it at least 14.49998pt, for example:
(fancyhdr)                \setlength{\headheight}{14.49998pt}.
(fancyhdr)                You might also make \topmargin smaller:
(fancyhdr)                \addtolength{\topmargin}{-2.49998pt}.

[19]


Package fancyhdr Warning: \headheight is too small (12.0pt): 
(fancyhdr)                Make it at least 14.49998pt, for example:
(fancyhdr)                \setlength{\headheight}{14.49998pt}.
(fancyhdr)                You might also make \topmargin smaller:
(fancyhdr)                \addtolength{\topmargin}{-2.49998pt}.

[20]


Package fancyhdr Warning: \headheight is too small (12.0pt): 
(fancyhdr)                Make it at least 14.49998pt, for example:
(fancyhdr)                \setlength{\headheight}{14.49998pt}.
(fancyhdr)                You might also make \topmargin smaller:
(fancyhdr)                \addtolength{\topmargin}{-2.49998pt}.

[21]


Package fancyhdr Warning: \headheight is too small (12.0pt): 
(fancyhdr)                Make it at least 14.49998pt, for example:
(fancyhdr)                \setlength{\headheight}{14.49998pt}.
(fancyhdr)                You might also make \topmargin smaller:
(fancyhdr)                \addtolength{\topmargin}{-2.49998pt}.

[22]
Overfull \hbox (1.4642pt too wide) detected at line 884
[]
 []




Package fancyhdr Warning: \headheight is too small (12.0pt): 
(fancyhdr)                Make it at least 14.49998pt, for example:
(fancyhdr)                \setlength{\headheight}{14.49998pt}.
(fancyhdr)                You might also make \topmargin smaller:
(fancyhdr)                \addtolength{\topmargin}{-2.49998pt}.

[23]


Package fancyhdr Warning: \headheight is too small (12.0pt): 
(fancyhdr)                Make it at least 14.49998pt, for example:
(fancyhdr)                \setlength{\headheight}{14.49998pt}.
(fancyhdr)                You might also make \topmargin smaller:
(fancyhdr)                \addtolength{\topmargin}{-2.49998pt}.

[24]
Poglavje 2.


[25

]


Package fancyhdr Warning: \headheight is too small (12.0pt): 
(fancyhdr)                Make it at least 14.49998pt, for example:
(fancyhdr)                \setlength{\headheight}{14.49998pt}.
(fancyhdr)                You might also make \topmargin smaller:
(fancyhdr)                \addtolength{\topmargin}{-2.49998pt}.

[26]
Overfull \hbox (4.673pt too wide) detected at line 956
[]
 []




Package fancyhdr Warning: \headheight is too small (12.0pt): 
(fancyhdr)                Make it at least 14.49998pt, for example:
(fancyhdr)                \setlength{\headheight}{14.49998pt}.
(fancyhdr)                You might also make \topmargin smaller:
(fancyhdr)                \addtolength{\topmargin}{-2.49998pt}.

[27]


Package fancyhdr Warning: \headheight is too small (12.0pt): 
(fancyhdr)                Make it at least 14.49998pt, for example:
(fancyhdr)                \setlength{\headheight}{14.49998pt}.
(fancyhdr)                You might also make \topmargin smaller:
(fancyhdr)                \addtolength{\topmargin}{-2.49998pt}.

[28]


Package fancyhdr Warning: \headheight is too small (12.0pt): 
(fancyhdr)                Make it at least 14.49998pt, for example:
(fancyhdr)                \setlength{\headheight}{14.49998pt}.
(fancyhdr)                You might also make \topmargin smaller:
(fancyhdr)                \addtolength{\topmargin}{-2.49998pt}.

[29]


Package fancyhdr Warning: \headheight is too small (12.0pt): 
(fancyhdr)                Make it at least 14.49998pt, for example:
(fancyhdr)                \setlength{\headheight}{14.49998pt}.
(fancyhdr)                You might also make \topmargin smaller:
(fancyhdr)                \addtolength{\topmargin}{-2.49998pt}.

[30]


Package fancyhdr Warning: \headheight is too small (12.0pt): 
(fancyhdr)                Make it at least 14.49998pt, for example:
(fancyhdr)                \setlength{\headheight}{14.49998pt}.
(fancyhdr)                You might also make \topmargin smaller:
(fancyhdr)                \addtolength{\topmargin}{-2.49998pt}.

[31]


Package fancyhdr Warning: \headheight is too small (12.0pt): 
(fancyhdr)                Make it at least 14.49998pt, for example:
(fancyhdr)                \setlength{\headheight}{14.49998pt}.
(fancyhdr)                You might also make \topmargin smaller:
(fancyhdr)                \addtolength{\topmargin}{-2.49998pt}.

[32]


Package fancyhdr Warning: \headheight is too small (12.0pt): 
(fancyhdr)                Make it at least 14.49998pt, for example:
(fancyhdr)                \setlength{\headheight}{14.49998pt}.
(fancyhdr)                You might also make \topmargin smaller:
(fancyhdr)                \addtolength{\topmargin}{-2.49998pt}.

[33]


Package fancyhdr Warning: \headheight is too small (12.0pt): 
(fancyhdr)                Make it at least 14.49998pt, for example:
(fancyhdr)                \setlength{\headheight}{14.49998pt}.
(fancyhdr)                You might also make \topmargin smaller:
(fancyhdr)                \addtolength{\topmargin}{-2.49998pt}.

[34]


Package fancyhdr Warning: \headheight is too small (12.0pt): 
(fancyhdr)                Make it at least 14.49998pt, for example:
(fancyhdr)                \setlength{\headheight}{14.49998pt}.
(fancyhdr)                You might also make \topmargin smaller:
(fancyhdr)                \addtolength{\topmargin}{-2.49998pt}.

[35]


Package fancyhdr Warning: \headheight is too small (12.0pt): 
(fancyhdr)                Make it at least 14.49998pt, for example:
(fancyhdr)                \setlength{\headheight}{14.49998pt}.
(fancyhdr)                You might also make \topmargin smaller:
(fancyhdr)                \addtolength{\topmargin}{-2.49998pt}.

[36]


Package fancyhdr Warning: \headheight is too small (12.0pt): 
(fancyhdr)                Make it at least 14.49998pt, for example:
(fancyhdr)                \setlength{\headheight}{14.49998pt}.
(fancyhdr)                You might also make \topmargin smaller:
(fancyhdr)                \addtolength{\topmargin}{-2.49998pt}.

[37]


Package fancyhdr Warning: \headheight is too small (12.0pt): 
(fancyhdr)                Make it at least 14.49998pt, for example:
(fancyhdr)                \setlength{\headheight}{14.49998pt}.
(fancyhdr)                You might also make \topmargin smaller:
(fancyhdr)                \addtolength{\topmargin}{-2.49998pt}.

[38]


Package fancyhdr Warning: \headheight is too small (12.0pt): 
(fancyhdr)                Make it at least 14.49998pt, for example:
(fancyhdr)                \setlength{\headheight}{14.49998pt}.
(fancyhdr)                You might also make \topmargin smaller:
(fancyhdr)                \addtolength{\topmargin}{-2.49998pt}.

[39]


Package fancyhdr Warning: \headheight is too small (12.0pt): 
(fancyhdr)                Make it at least 14.49998pt, for example:
(fancyhdr)                \setlength{\headheight}{14.49998pt}.
(fancyhdr)                You might also make \topmargin smaller:
(fancyhdr)                \addtolength{\topmargin}{-2.49998pt}.

[40]
Overfull \hbox (0.99739pt too wide) in paragraph at lines 1325--1325
[]\OT1/lmr/m/n/10.95 Premislimo naj-prej, da je pre-sli-kava $\OML/lmm/m/it/10.
95 P[]$ \OT1/lmr/m/n/10.95 li-ne-arna. Vze-mimo po-ljubna ele-menta $\OML/lmm/m
/it/10.95 x[]; x[] \OMS/lmsy/m/n/10.95 2
 []




Package fancyhdr Warning: \headheight is too small (12.0pt): 
(fancyhdr)                Make it at least 14.49998pt, for example:
(fancyhdr)                \setlength{\headheight}{14.49998pt}.
(fancyhdr)                You might also make \topmargin smaller:
(fancyhdr)                \addtolength{\topmargin}{-2.49998pt}.

[41]


Package fancyhdr Warning: \headheight is too small (12.0pt): 
(fancyhdr)                Make it at least 14.49998pt, for example:
(fancyhdr)                \setlength{\headheight}{14.49998pt}.
(fancyhdr)                You might also make \topmargin smaller:
(fancyhdr)                \addtolength{\topmargin}{-2.49998pt}.

[42]
Overfull \hbox (1.24532pt too wide) in paragraph at lines 1343--1344
\OT1/lmr/m/it/10.95 pro-stor v $\OML/lmm/m/it/10.95 X$\OT1/lmr/m/it/10.95 . Ope
-ra-tor $\OML/lmm/m/it/10.95 P[]$ \OT1/lmr/m/it/10.95 iz iz-reka []2.29[] ime-n
u-jemo $[]$. 
 []




Package fancyhdr Warning: \headheight is too small (12.0pt): 
(fancyhdr)                Make it at least 14.49998pt, for example:
(fancyhdr)                \setlength{\headheight}{14.49998pt}.
(fancyhdr)                You might also make \topmargin smaller:
(fancyhdr)                \addtolength{\topmargin}{-2.49998pt}.

[43]


Package fancyhdr Warning: \headheight is too small (12.0pt): 
(fancyhdr)                Make it at least 14.49998pt, for example:
(fancyhdr)                \setlength{\headheight}{14.49998pt}.
(fancyhdr)                You might also make \topmargin smaller:
(fancyhdr)                \addtolength{\topmargin}{-2.49998pt}.

[44]
Poglavje 3.


[45

]


Package fancyhdr Warning: \headheight is too small (12.0pt): 
(fancyhdr)                Make it at least 14.49998pt, for example:
(fancyhdr)                \setlength{\headheight}{14.49998pt}.
(fancyhdr)                You might also make \topmargin smaller:
(fancyhdr)                \addtolength{\topmargin}{-2.49998pt}.

[46]


Package fancyhdr Warning: \headheight is too small (12.0pt): 
(fancyhdr)                Make it at least 14.49998pt, for example:
(fancyhdr)                \setlength{\headheight}{14.49998pt}.
(fancyhdr)                You might also make \topmargin smaller:
(fancyhdr)                \addtolength{\topmargin}{-2.49998pt}.

[47]


Package fancyhdr Warning: \headheight is too small (12.0pt): 
(fancyhdr)                Make it at least 14.49998pt, for example:
(fancyhdr)                \setlength{\headheight}{14.49998pt}.
(fancyhdr)                You might also make \topmargin smaller:
(fancyhdr)                \addtolength{\topmargin}{-2.49998pt}.

[48]


Package fancyhdr Warning: \headheight is too small (12.0pt): 
(fancyhdr)                Make it at least 14.49998pt, for example:
(fancyhdr)                \setlength{\headheight}{14.49998pt}.
(fancyhdr)                You might also make \topmargin smaller:
(fancyhdr)                \addtolength{\topmargin}{-2.49998pt}.

[49]


Package fancyhdr Warning: \headheight is too small (12.0pt): 
(fancyhdr)                Make it at least 14.49998pt, for example:
(fancyhdr)                \setlength{\headheight}{14.49998pt}.
(fancyhdr)                You might also make \topmargin smaller:
(fancyhdr)                \addtolength{\topmargin}{-2.49998pt}.

[50]


Package fancyhdr Warning: \headheight is too small (12.0pt): 
(fancyhdr)                Make it at least 14.49998pt, for example:
(fancyhdr)                \setlength{\headheight}{14.49998pt}.
(fancyhdr)                You might also make \topmargin smaller:
(fancyhdr)                \addtolength{\topmargin}{-2.49998pt}.

[51]


Package fancyhdr Warning: \headheight is too small (12.0pt): 
(fancyhdr)                Make it at least 14.49998pt, for example:
(fancyhdr)                \setlength{\headheight}{14.49998pt}.
(fancyhdr)                You might also make \topmargin smaller:
(fancyhdr)                \addtolength{\topmargin}{-2.49998pt}.

[52]


Package fancyhdr Warning: \headheight is too small (12.0pt): 
(fancyhdr)                Make it at least 14.49998pt, for example:
(fancyhdr)                \setlength{\headheight}{14.49998pt}.
(fancyhdr)                You might also make \topmargin smaller:
(fancyhdr)                \addtolength{\topmargin}{-2.49998pt}.

[53]
Overfull \hbox (1.31659pt too wide) detected at line 1589
[]
 []




Package fancyhdr Warning: \headheight is too small (12.0pt): 
(fancyhdr)                Make it at least 14.49998pt, for example:
(fancyhdr)                \setlength{\headheight}{14.49998pt}.
(fancyhdr)                You might also make \topmargin smaller:
(fancyhdr)                \addtolength{\topmargin}{-2.49998pt}.

[54]


Package fancyhdr Warning: \headheight is too small (12.0pt): 
(fancyhdr)                Make it at least 14.49998pt, for example:
(fancyhdr)                \setlength{\headheight}{14.49998pt}.
(fancyhdr)                You might also make \topmargin smaller:
(fancyhdr)                \addtolength{\topmargin}{-2.49998pt}.

[55]


Package fancyhdr Warning: \headheight is too small (12.0pt): 
(fancyhdr)                Make it at least 14.49998pt, for example:
(fancyhdr)                \setlength{\headheight}{14.49998pt}.
(fancyhdr)                You might also make \topmargin smaller:
(fancyhdr)                \addtolength{\topmargin}{-2.49998pt}.

[56]


Package fancyhdr Warning: \headheight is too small (12.0pt): 
(fancyhdr)                Make it at least 14.49998pt, for example:
(fancyhdr)                \setlength{\headheight}{14.49998pt}.
(fancyhdr)                You might also make \topmargin smaller:
(fancyhdr)                \addtolength{\topmargin}{-2.49998pt}.

[57]


Package fancyhdr Warning: \headheight is too small (12.0pt): 
(fancyhdr)                Make it at least 14.49998pt, for example:
(fancyhdr)                \setlength{\headheight}{14.49998pt}.
(fancyhdr)                You might also make \topmargin smaller:
(fancyhdr)                \addtolength{\topmargin}{-2.49998pt}.

[58]
Overfull \hbox (1.16852pt too wide) in paragraph at lines 1683--1683
[]\OT1/lmr/m/n/10.95 Ker je $\OML/lmm/m/it/10.95 ^^[\OT1/lmr/m/n/10.95 (\OML/lm
m/m/it/10.95 T\OT1/lmr/m/n/10.95 ) \OMS/lmsy/m/n/10.95 ^^R \U/msb/m/n/10.95 R$\
OT1/lmr/m/n/10.95 , lahko $\OMS/lmsy/m/n/10.95 C[]\OT1/lmr/m/n/10.95 (\OML/lmm/
m/it/10.95 ^^[\OT1/lmr/m/n/10.95 (\OML/lmm/m/it/10.95 T\OT1/lmr/m/n/10.95 ))$ o
brav-na-vamo kot re-a-len vek-tor-ski pro-stor. Ozna^^Tcimo
 []




Package fancyhdr Warning: \headheight is too small (12.0pt): 
(fancyhdr)                Make it at least 14.49998pt, for example:
(fancyhdr)                \setlength{\headheight}{14.49998pt}.
(fancyhdr)                You might also make \topmargin smaller:
(fancyhdr)                \addtolength{\topmargin}{-2.49998pt}.

[59]


Package fancyhdr Warning: \headheight is too small (12.0pt): 
(fancyhdr)                Make it at least 14.49998pt, for example:
(fancyhdr)                \setlength{\headheight}{14.49998pt}.
(fancyhdr)                You might also make \topmargin smaller:
(fancyhdr)                \addtolength{\topmargin}{-2.49998pt}.

[60]


Package fancyhdr Warning: \headheight is too small (12.0pt): 
(fancyhdr)                Make it at least 14.49998pt, for example:
(fancyhdr)                \setlength{\headheight}{14.49998pt}.
(fancyhdr)                You might also make \topmargin smaller:
(fancyhdr)                \addtolength{\topmargin}{-2.49998pt}.

[61]


Package fancyhdr Warning: \headheight is too small (12.0pt): 
(fancyhdr)                Make it at least 14.49998pt, for example:
(fancyhdr)                \setlength{\headheight}{14.49998pt}.
(fancyhdr)                You might also make \topmargin smaller:
(fancyhdr)                \addtolength{\topmargin}{-2.49998pt}.

[62]


Package fancyhdr Warning: \headheight is too small (12.0pt): 
(fancyhdr)                Make it at least 14.49998pt, for example:
(fancyhdr)                \setlength{\headheight}{14.49998pt}.
(fancyhdr)                You might also make \topmargin smaller:
(fancyhdr)                \addtolength{\topmargin}{-2.49998pt}.

[63]


Package fancyhdr Warning: \headheight is too small (12.0pt): 
(fancyhdr)                Make it at least 14.49998pt, for example:
(fancyhdr)                \setlength{\headheight}{14.49998pt}.
(fancyhdr)                You might also make \topmargin smaller:
(fancyhdr)                \addtolength{\topmargin}{-2.49998pt}.

[64]


Package fancyhdr Warning: \headheight is too small (12.0pt): 
(fancyhdr)                Make it at least 14.49998pt, for example:
(fancyhdr)                \setlength{\headheight}{14.49998pt}.
(fancyhdr)                You might also make \topmargin smaller:
(fancyhdr)                \addtolength{\topmargin}{-2.49998pt}.

[65]


Package fancyhdr Warning: \headheight is too small (12.0pt): 
(fancyhdr)                Make it at least 14.49998pt, for example:
(fancyhdr)                \setlength{\headheight}{14.49998pt}.
(fancyhdr)                You might also make \topmargin smaller:
(fancyhdr)                \addtolength{\topmargin}{-2.49998pt}.

[66]


Package fancyhdr Warning: \headheight is too small (12.0pt): 
(fancyhdr)                Make it at least 14.49998pt, for example:
(fancyhdr)                \setlength{\headheight}{14.49998pt}.
(fancyhdr)                You might also make \topmargin smaller:
(fancyhdr)                \addtolength{\topmargin}{-2.49998pt}.

[67]

[68


]
Overfull \hbox (27.1662pt too wide) in paragraph at lines 1882--1898
[][] 
 []



pdfTeX warning: pdflatex.exe (file ./Podpisana izjava o avtorstvu zakljucnega d
ela (1. in 2. stopnja) 250701115850.pdf): PDF inclusion: found PDF version <1.7
>, but at most version <1.5> allowed
<Podpisana izjava o avtorstvu zakljucnega dela (1. in 2. stopnja) 250701115850.
pdf, id=826, 597.51233pt x 845.0471pt>
File: Podpisana izjava o avtorstvu zakljucnega dela (1. in 2. stopnja) 25070111
5850.pdf Graphic file (type pdf)
<use Podpisana izjava o avtorstvu zakljucnega dela (1. in 2. stopnja) 250701115
850.pdf>
Package pdftex.def Info: Podpisana izjava o avtorstvu zakljucnega dela (1. in 2
. stopnja) 250701115850.pdf  used on input line 1910.
(pdftex.def)             Requested size: 597.51086pt x 845.04504pt.


pdfTeX warning: pdflatex.exe (file ./Podpisana izjava o avtorstvu zakljucnega d
ela (1. in 2. stopnja) 250701115850.pdf): PDF inclusion: found PDF version <1.7
>, but at most version <1.5> allowed


pdfTeX warning: pdflatex.exe (file ./Podpisana izjava o avtorstvu zakljucnega d
ela (1. in 2. stopnja) 250701115850.pdf): PDF inclusion: found PDF version <1.7
>, but at most version <1.5> allowed
<Podpisana izjava o avtorstvu zakljucnega dela (1. in 2. stopnja) 250701115850.
pdf, id=828, page=1, 597.51233pt x 845.0471pt>
File: Podpisana izjava o avtorstvu zakljucnega dela (1. in 2. stopnja) 25070111
5850.pdf Graphic file (type pdf)
<use Podpisana izjava o avtorstvu zakljucnega dela (1. in 2. stopnja) 250701115
850.pdf, page 1>
Package pdftex.def Info: Podpisana izjava o avtorstvu zakljucnega dela (1. in 2
. stopnja) 250701115850.pdf , page1 used on input line 1910.
(pdftex.def)             Requested size: 597.51086pt x 845.04504pt.
File: Podpisana izjava o avtorstvu zakljucnega dela (1. in 2. stopnja) 25070111
5850.pdf Graphic file (type pdf)
<use Podpisana izjava o avtorstvu zakljucnega dela (1. in 2. stopnja) 250701115
850.pdf, page 1>
Package pdftex.def Info: Podpisana izjava o avtorstvu zakljucnega dela (1. in 2
. stopnja) 250701115850.pdf , page1 used on input line 1910.
(pdftex.def)             Requested size: 597.53821pt x 845.08372pt.


[69

]
File: Podpisana izjava o avtorstvu zakljucnega dela (1. in 2. stopnja) 25070111
5850.pdf Graphic file (type pdf)
<use Podpisana izjava o avtorstvu zakljucnega dela (1. in 2. stopnja) 250701115
850.pdf, page 1>
Package pdftex.def Info: Podpisana izjava o avtorstvu zakljucnega dela (1. in 2
. stopnja) 250701115850.pdf , page1 used on input line 1910.
(pdftex.def)             Requested size: 597.53821pt x 845.08372pt.
File: Podpisana izjava o avtorstvu zakljucnega dela (1. in 2. stopnja) 25070111
5850.pdf Graphic file (type pdf)
<use Podpisana izjava o avtorstvu zakljucnega dela (1. in 2. stopnja) 250701115
850.pdf, page 1>
Package pdftex.def Info: Podpisana izjava o avtorstvu zakljucnega dela (1. in 2
. stopnja) 250701115850.pdf , page1 used on input line 1910.
(pdftex.def)             Requested size: 597.53821pt x 845.08372pt.


File: Podpisana izjava o avtorstvu zakljucnega dela (1. in 2. stopnja) 25070111
5850.pdf Graphic file (type pdf)
<use Podpisana izjava o avtorstvu zakljucnega dela (1. in 2. stopnja) 250701115
850.pdf, page 1>
Package pdftex.def Info: Podpisana izjava o avtorstvu zakljucnega dela (1. in 2
. stopnja) 250701115850.pdf , page1 used on input line 1910.
(pdftex.def)             Requested size: 597.53821pt x 845.08372pt.
[70

 <./Podpisana izjava o avtorstvu zakljucnega dela (1. in 2. stopnja) 2507011158
50.pdf>]

pdfTeX warning: pdflatex.exe (file ./Podpisana izjava o istovetnosti tiskane in
 elektronske oblike zakljucnega dela (1. in 2. stopnja) 250701115908.pdf): PDF 
inclusion: found PDF version <1.7>, but at most version <1.5> allowed
<Podpisana izjava o istovetnosti tiskane in elektronske oblike zakljucnega dela
 (1. in 2. stopnja) 250701115908.pdf, id=898, 597.51233pt x 845.0471pt>
File: Podpisana izjava o istovetnosti tiskane in elektronske oblike zakljucnega
 dela (1. in 2. stopnja) 250701115908.pdf Graphic file (type pdf)
<use Podpisana izjava o istovetnosti tiskane in elektronske oblike zakljucnega 
dela (1. in 2. stopnja) 250701115908.pdf>
Package pdftex.def Info: Podpisana izjava o istovetnosti tiskane in elektronske
 oblike zakljucnega dela (1. in 2. stopnja) 250701115908.pdf  used on input lin
e 1911.
(pdftex.def)             Requested size: 597.51086pt x 845.04504pt.


pdfTeX warning: pdflatex.exe (file ./Podpisana izjava o istovetnosti tiskane in
 elektronske oblike zakljucnega dela (1. in 2. stopnja) 250701115908.pdf): PDF 
inclusion: found PDF version <1.7>, but at most version <1.5> allowed


pdfTeX warning: pdflatex.exe (file ./Podpisana izjava o istovetnosti tiskane in
 elektronske oblike zakljucnega dela (1. in 2. stopnja) 250701115908.pdf): PDF 
inclusion: found PDF version <1.7>, but at most version <1.5> allowed
<Podpisana izjava o istovetnosti tiskane in elektronske oblike zakljucnega dela
 (1. in 2. stopnja) 250701115908.pdf, id=900, page=1, 597.51233pt x 845.0471pt>

File: Podpisana izjava o istovetnosti tiskane in elektronske oblike zakljucnega
 dela (1. in 2. stopnja) 250701115908.pdf Graphic file (type pdf)
<use Podpisana izjava o istovetnosti tiskane in elektronske oblike zakljucnega 
dela (1. in 2. stopnja) 250701115908.pdf, page 1>
Package pdftex.def Info: Podpisana izjava o istovetnosti tiskane in elektronske
 oblike zakljucnega dela (1. in 2. stopnja) 250701115908.pdf , page1 used on in
put line 1911.
(pdftex.def)             Requested size: 597.51086pt x 845.04504pt.
File: Podpisana izjava o istovetnosti tiskane in elektronske oblike zakljucnega
 dela (1. in 2. stopnja) 250701115908.pdf Graphic file (type pdf)
<use Podpisana izjava o istovetnosti tiskane in elektronske oblike zakljucnega 
dela (1. in 2. stopnja) 250701115908.pdf, page 1>
Package pdftex.def Info: Podpisana izjava o istovetnosti tiskane in elektronske
 oblike zakljucnega dela (1. in 2. stopnja) 250701115908.pdf , page1 used on in
put line 1911.
(pdftex.def)             Requested size: 597.53821pt x 845.08372pt.
File: Podpisana izjava o istovetnosti tiskane in elektronske oblike zakljucnega
 dela (1. in 2. stopnja) 250701115908.pdf Graphic file (type pdf)
<use Podpisana izjava o istovetnosti tiskane in elektronske oblike zakljucnega 
dela (1. in 2. stopnja) 250701115908.pdf, page 1>
Package pdftex.def Info: Podpisana izjava o istovetnosti tiskane in elektronske
 oblike zakljucnega dela (1. in 2. stopnja) 250701115908.pdf , page1 used on in
put line 1911.
(pdftex.def)             Requested size: 597.53821pt x 845.08372pt.
File: Podpisana izjava o istovetnosti tiskane in elektronske oblike zakljucnega
 dela (1. in 2. stopnja) 250701115908.pdf Graphic file (type pdf)
<use Podpisana izjava o istovetnosti tiskane in elektronske oblike zakljucnega 
dela (1. in 2. stopnja) 250701115908.pdf, page 1>
Package pdftex.def Info: Podpisana izjava o istovetnosti tiskane in elektronske
 oblike zakljucnega dela (1. in 2. stopnja) 250701115908.pdf , page1 used on in
put line 1911.
(pdftex.def)             Requested size: 597.53821pt x 845.08372pt.


File: Podpisana izjava o istovetnosti tiskane in elektronske oblike zakljucnega
 dela (1. in 2. stopnja) 250701115908.pdf Graphic file (type pdf)
<use Podpisana izjava o istovetnosti tiskane in elektronske oblike zakljucnega 
dela (1. in 2. stopnja) 250701115908.pdf, page 1>
Package pdftex.def Info: Podpisana izjava o istovetnosti tiskane in elektronske
 oblike zakljucnega dela (1. in 2. stopnja) 250701115908.pdf , page1 used on in
put line 1911.
(pdftex.def)             Requested size: 597.53821pt x 845.08372pt.
[71

 <./Podpisana izjava o istovetnosti tiskane in elektronske oblike zakljucnega d
ela (1. in 2. stopnja) 250701115908.pdf>]
(Omejeni linearni operatorji na Hilbertovih prostorih.aux)
 ***********
LaTeX2e <2024-11-01> patch level 2
L3 programming layer <2025-01-18>
 ***********


LaTeX Warning: There were multiply-defined labels.

Package rerunfilecheck Info: File `"Omejeni linearni operatorji na Hilbertovih 
prostorih".out' has not changed.
(rerunfilecheck)             Checksum: 4DEF5CF984811844066C9F61930189C5;2422.
 ) 
Here is how much of TeX's memory you used:
 33506 strings out of 473522
 656596 string characters out of 5712673
 1067419 words of memory out of 5000000
 55802 multiletter control sequences out of 15000+600000
 619151 words of font info for 85 fonts, out of 8000000 for 9000
 1141 hyphenation exceptions out of 8191
 92i,17n,95p,2352b,2776s stack positions out of 10000i,1000n,20000p,200000b,200000s
<C:/Users/Uporabnik/AppData/Local/Programs/MiKTeX/fonts/type1/public/lm/lmbx1
0.pfb><C:/Users/Uporabnik/AppData/Local/Programs/MiKTeX/fonts/type1/public/lm/l
mbx12.pfb><C:/Users/Uporabnik/AppData/Local/Programs/MiKTeX/fonts/type1/public/
lm/lmex10.pfb><C:/Users/Uporabnik/AppData/Local/Programs/MiKTeX/fonts/type1/pub
lic/lm/lmmi10.pfb><C:/Users/Uporabnik/AppData/Local/Programs/MiKTeX/fonts/type1
/public/lm/lmmi12.pfb><C:/Users/Uporabnik/AppData/Local/Programs/MiKTeX/fonts/t
ype1/public/lm/lmmi6.pfb><C:/Users/Uporabnik/AppData/Local/Programs/MiKTeX/font
s/type1/public/lm/lmmi8.pfb><C:/Users/Uporabnik/AppData/Local/Programs/MiKTeX/f
onts/type1/public/lm/lmr10.pfb><C:/Users/Uporabnik/AppData/Local/Programs/MiKTe
X/fonts/type1/public/lm/lmr12.pfb><C:/Users/Uporabnik/AppData/Local/Programs/Mi
KTeX/fonts/type1/public/lm/lmr17.pfb><C:/Users/Uporabnik/AppData/Local/Programs
/MiKTeX/fonts/type1/public/lm/lmr6.pfb><C:/Users/Uporabnik/AppData/Local/Progra
ms/MiKTeX/fonts/type1/public/lm/lmr8.pfb><C:/Users/Uporabnik/AppData/Local/Prog
rams/MiKTeX/fonts/type1/public/lm/lmri10.pfb><C:/Users/Uporabnik/AppData/Local/
Programs/MiKTeX/fonts/type1/public/lm/lmri12.pfb><C:/Users/Uporabnik/AppData/Lo
cal/Programs/MiKTeX/fonts/type1/public/lm/lmsy10.pfb><C:/Users/Uporabnik/AppDat
a/Local/Programs/MiKTeX/fonts/type1/public/lm/lmsy6.pfb><C:/Users/Uporabnik/App
Data/Local/Programs/MiKTeX/fonts/type1/public/lm/lmsy8.pfb><C:/Users/Uporabnik/
AppData/Local/Programs/MiKTeX/fonts/type1/public/amsfonts/symbols/msbm10.pfb>
Output written on "Omejeni linearni operatorji na Hilbertovih prostorih.pdf" (7
9 pages, 1314176 bytes).
PDF statistics:
 1110 PDF objects out of 1200 (max. 8388607)
 346 named destinations out of 1000 (max. 500000)
 167 words of extra memory for PDF output out of 10000 (max. 10000000)

